Date;IV;Delta;Gamma;Theta;Vega;Strike
09/10/21;167.89;10.000;0.0000;0.0000;0.0000;70.00
09/10/21;145.98;10.000;0.0000;0.0000;0.0000;80.00
09/10/21;126.76;10.000;0.0000;0.0000;0.0000;90.00
09/10/21;109.53;10.000;0.0000;0.0000;0.0000;100.00
09/10/21;101.56;10.000;0.0000;0.0000;0.0000;105.00
09/10/21;93.95;10.000;0.0000;0.0000;0.0000;110.00
09/10/21;86.68;10.000;0.0000;0.0000;0.0000;115.00
09/10/21;83.16;10.000;0.0000;0.0000;0.0000;117.50
09/10/21;79.77;10.000;0.0000;0.0000;0.0000;120.00
09/10/21;76.37;10.000;0.0000;0.0000;0.0000;122.50
09/10/21;73.09;10.000;0.0000;0.0000;0.0000;125.00
09/10/21;69.86;10.000;0.0000;0.0000;0.0000;127.50
09/10/21;66.70;10.000;0.0000;0.0000;0.0000;130.00
09/10/21;63.59;10.000;0.0000;0.0000;0.0000;132.50
09/10/21;73.69;10.000;0.0000;0.0000;0.0000;135.00
09/10/21;70.30;10.000;0.0000;0.0000;0.0000;137.50
09/10/21;66.96;10.000;0.0000;0.0000;0.0000;140.00
09/10/21;63.68;10.000;0.0000;0.0000;0.0000;142.50
09/10/21;64.46;10.000;0.0000;0.0000;0.0000;145.00
09/10/21;61.10;0.9999;0.0000;-0.0001;0.0001;147.50
09/10/21;60.29;0.9999;0.0000;-0.0003;0.0002;150.00
09/10/21;58.77;0.9997;0.0001;-0.0006;0.0003;152.50
09/10/21;56.83;0.9994;0.0001;-0.0014;0.0007;155.00
09/10/21;55.70;0.9987;0.0003;-0.0027;0.0014;157.50
09/10/21;53.97;0.9975;0.0005;-0.0051;0.0027;160.00
09/10/21;51.83;0.9952;0.0010;-0.0090;0.0047;162.50
09/10/21;50.55;0.9914;0.0016;-0.0151;0.0079;165.00
09/10/21;48.66;0.9853;0.0026;-0.0242;0.0126;167.50
09/10/21;47.09;0.9759;0.0040;-0.0369;0.0193;170.00
09/10/21;45.82;0.9621;0.0058;-0.0536;0.0280;172.50
09/10/21;44.77;0.9429;0.0080;-0.0746;0.0390;175.00
09/10/21;43.64;0.9170;0.0107;-0.0995;0.0520;177.50
09/10/21;42.73;0.8838;0.0137;-0.1273;0.0665;180.00
09/10/21;42.23;0.8427;0.0168;-0.1567;0.0818;182.50
09/10/21;41.98;0.7937;0.0199;-0.1857;0.0970;185.00
09/10/21;42.07;0.7376;0.0228;-0.2122;0.1108;187.50
09/10/21;42.43;0.6754;0.0251;-0.2343;0.1223;190.00
09/10/21;43.08;0.6087;0.0268;-0.2501;0.1306;192.50
09/10/21;43.74;0.5396;0.0277;-0.2586;0.1350;195.00
09/10/21;44.69;0.4702;0.0278;-0.2592;0.1353;197.50
09/10/21;45.66;0.4026;0.0270;-0.2521;0.1316;200.00
09/10/21;46.61;0.3385;0.0255;-0.2384;0.1244;202.50
09/10/21;47.61;0.2795;0.0235;-0.2192;0.1144;205.00
09/10/21;48.65;0.2266;0.0210;-0.1963;0.1024;207.50
09/10/21;49.68;0.1804;0.0183;-0.1713;0.0894;210.00
09/10/21;50.76;0.1410;0.0156;-0.1459;0.0761;212.50
09/10/21;51.82;0.1083;0.0130;-0.1213;0.0632;215.00
09/10/21;52.86;0.0817;0.0105;-0.0986;0.0514;217.50
09/10/21;53.86;0.0605;0.0084;-0.0784;0.0408;220.00
09/10/21;54.93;0.0441;0.0065;-0.0610;0.0317;222.50
09/10/21;56.04;0.0316;0.0050;-0.0466;0.0242;225.00
09/10/21;56.87;0.0223;0.0037;-0.0348;0.0180;227.50
09/10/21;57.91;0.0155;0.0027;-0.0256;0.0132;230.00
09/10/21;58.80;0.0106;0.0020;-0.0185;0.0095;232.50
09/10/21;59.57;0.0071;0.0014;-0.0131;0.0067;235.00
09/10/21;60.61;0.0047;0.0010;-0.0092;0.0047;237.50
09/10/21;61.32;0.0031;0.0007;-0.0064;0.0032;240.00
09/10/21;62.08;0.0020;0.0004;-0.0044;0.0021;242.50
09/10/21;63.00;0.0013;0.0003;-0.0030;0.0014;245.00
09/10/21;64.58;0.0005;0.0001;-0.0014;0.0006;250.00
09/10/21;65.69;0.0002;0.0000;-0.0008;0.0002;255.00
09/10/21;67.68;0.0001;0.0000;-0.0005;0.0001;260.00
09/10/21;68.85;0.0000;0.0000;-0.0004;0.0000;265.00
09/10/21;70.80;0.0000;0.0000;-0.0004;0.0000;270.00
09/10/21;72.16;0.0000;0.0000;-0.0004;0.0000;275.00
09/10/21;72.60;0.0000;0.0000;-0.0004;0.0000;280.00
09/10/21;75.80;0.0000;0.0000;-0.0004;0.0000;285.00
09/10/21;74.23;0.0000;0.0000;-0.0004;0.0000;290.00
09/10/21;77.13;0.0000;0.0000;-0.0004;0.0000;295.00
09/10/21;79.97;0.0000;0.0000;-0.0004;0.0000;300.00
09/10/21;85.48;0.0000;0.0000;-0.0004;0.0000;310.00
09/10/21;90.78;0.0000;0.0000;-0.0004;0.0000;320.00
09/10/21;105.56;0.0000;0.0000;-0.0004;0.0000;350.00
10/08/21;97.58;10.000;0.0000;0.0000;0.0000;70.00
10/08/21;84.83;10.000;0.0000;0.0000;0.0000;80.00
10/08/21;73.61;10.000;0.0000;0.0000;0.0000;90.00
10/08/21;63.59;10.000;0.0000;0.0000;0.0000;100.00
10/08/21;64.97;0.9999;0.0000;0.0000;0.0000;105.00
10/08/21;60.32;0.9999;0.0000;0.0000;0.0000;110.00
10/08/21;58.78;0.9999;0.0000;-0.0001;0.0001;115.00
10/08/21;56.54;0.9999;0.0000;-0.0001;0.0002;117.50
10/08/21;54.35;0.9998;0.0000;-0.0002;0.0004;120.00
10/08/21;54.12;0.9997;0.0000;-0.0003;0.0006;122.50
10/08/21;53.43;0.9995;0.0001;-0.0005;0.0010;125.00
10/08/21;52.46;0.9992;0.0001;-0.0009;0.0016;127.50
10/08/21;51.30;0.9988;0.0001;-0.0013;0.0025;130.00
10/08/21;50.00;0.9981;0.0002;-0.0020;0.0037;132.50
10/08/21;49.31;0.9972;0.0003;-0.0029;0.0055;135.00
10/08/21;48.35;0.9958;0.0005;-0.0042;0.0078;137.50
10/08/21;47.68;0.9939;0.0006;-0.0059;0.0110;140.00
10/08/21;46.74;0.9913;0.0009;-0.0081;0.0150;142.50
10/08/21;45.94;0.9879;0.0012;-0.0109;0.0201;145.00
10/08/21;45.20;0.9834;0.0015;-0.0143;0.0264;147.50
10/08/21;44.44;0.9776;0.0020;-0.0184;0.0340;150.00
10/08/21;43.84;0.9704;0.0025;-0.0232;0.0430;152.50
10/08/21;43.29;0.9616;0.0031;-0.0288;0.0534;155.00
10/08/21;42.87;0.9508;0.0038;-0.0352;0.0651;157.50
10/08/21;42.36;0.9381;0.0045;-0.0422;0.0781;160.00
10/08/21;41.96;0.9231;0.0053;-0.0499;0.0923;162.50
10/08/21;41.77;0.9058;0.0062;-0.0581;0.1075;165.00
10/08/21;41.51;0.8861;0.0071;-0.0666;0.1234;167.50
10/08/21;41.45;0.8640;0.0081;-0.0754;0.1397;170.00
10/08/21;41.43;0.8395;0.0090;-0.0843;0.1561;172.50
10/08/21;41.56;0.8128;0.0100;-0.0930;0.1722;175.00
10/08/21;41.68;0.7838;0.0109;-0.1014;0.1877;177.50
10/08/21;41.97;0.7529;0.0117;-0.1092;0.2022;180.00
10/08/21;42.28;0.7202;0.0125;-0.1164;0.2155;182.50
10/08/21;42.64;0.6860;0.0132;-0.1227;0.2271;185.00
10/08/21;43.10;0.6506;0.0137;-0.1281;0.2370;187.50
10/08/21;43.55;0.6144;0.0142;-0.1323;0.2449;190.00
10/08/21;44.06;0.5777;0.0145;-0.1354;0.2506;192.50
10/08/21;44.59;0.5407;0.0147;-0.1374;0.2541;195.00
10/08/21;45.12;0.5039;0.0148;-0.1381;0.2554;197.50
10/08/21;45.67;0.4675;0.0147;-0.1376;0.2546;200.00
10/08/21;46.25;0.4318;0.0146;-0.1361;0.2517;202.50
10/08/21;46.82;0.3970;0.0143;-0.1335;0.2469;205.00
10/08/21;47.43;0.3635;0.0139;-0.1300;0.2404;207.50
10/08/21;48.07;0.3314;0.0134;-0.1257;0.2323;210.00
10/08/21;48.77;0.3008;0.0129;-0.1206;0.2229;212.50
10/08/21;49.36;0.2720;0.0123;-0.1150;0.2125;215.00
10/08/21;49.96;0.2448;0.0117;-0.1089;0.2012;217.50
10/08/21;50.53;0.2195;0.0110;-0.1025;0.1894;220.00
10/08/21;51.11;0.1960;0.0103;-0.0959;0.1771;222.50
10/08/21;51.69;0.1744;0.0095;-0.0892;0.1647;225.00
10/08/21;52.26;0.1545;0.0088;-0.0825;0.1523;227.50
10/08/21;52.83;0.1364;0.0081;-0.0759;0.1400;230.00
10/08/21;53.41;0.1199;0.0074;-0.0694;0.1281;232.50
10/08/21;53.96;0.1051;0.0067;-0.0632;0.1165;235.00
10/08/21;54.50;0.0918;0.0061;-0.0573;0.1055;237.50
10/08/21;55.09;0.0799;0.0055;-0.0517;0.0951;240.00
10/08/21;55.63;0.0693;0.0049;-0.0464;0.0853;242.50
10/08/21;56.11;0.0599;0.0044;-0.0415;0.0762;245.00
10/08/21;57.11;0.0443;0.0035;-0.0327;0.0600;250.00
10/08/21;58.17;0.0324;0.0027;-0.0254;0.0465;255.00
10/08/21;59.12;0.0234;0.0021;-0.0195;0.0355;260.00
10/08/21;60.01;0.0168;0.0015;-0.0148;0.0267;265.00
10/08/21;61.00;0.0119;0.0011;-0.0110;0.0198;270.00
10/08/21;61.81;0.0083;0.0008;-0.0082;0.0145;275.00
10/08/21;62.74;0.0058;0.0006;-0.0060;0.0105;280.00
10/08/21;63.56;0.0040;0.0004;-0.0044;0.0075;285.00
10/08/21;64.46;0.0027;0.0003;-0.0033;0.0054;290.00
10/08/21;65.12;0.0018;0.0002;-0.0024;0.0038;295.00
10/08/21;65.96;0.0012;0.0002;-0.0018;0.0026;300.00
10/08/21;72.81;0.0000;0.0000;-0.0005;0.0000;350.00
11/12/21;99.28;0.9999;0.0000;0.0000;0.0000;50.00
11/12/21;92.25;0.9999;0.0000;0.0000;0.0000;55.00
11/12/21;85.85;0.9999;0.0000;0.0000;0.0000;60.00
11/12/21;79.98;0.9999;0.0000;0.0000;0.0000;65.00
11/12/21;74.55;0.9999;0.0000;0.0000;0.0000;70.00
11/12/21;71.99;0.9999;0.0000;0.0000;0.0000;72.50
11/12/21;69.51;0.9999;0.0000;0.0000;0.0000;75.00
11/12/21;67.12;0.9999;0.0000;0.0000;0.0000;77.50
11/12/21;64.81;0.9999;0.0000;0.0000;0.0000;80.00
11/12/21;62.57;0.9999;0.0000;0.0000;0.0000;82.50
11/12/21;60.39;0.9999;0.0000;0.0000;0.0000;85.00
11/12/21;58.28;0.9999;0.0000;0.0000;0.0000;87.50
11/12/21;56.24;0.9999;0.0000;0.0000;0.0001;90.00
11/12/21;57.72;0.9999;0.0000;0.0000;0.0001;92.50
11/12/21;55.72;0.9999;0.0000;0.0000;0.0002;95.00
11/12/21;53.78;0.9998;0.0000;-0.0001;0.0003;97.50
11/12/21;51.88;0.9998;0.0000;-0.0001;0.0005;100.00
11/12/21;50.03;0.9997;0.0000;-0.0002;0.0007;102.50
11/12/21;50.26;0.9995;0.0000;-0.0003;0.0012;105.00
11/12/21;48.45;0.9993;0.0001;-0.0005;0.0017;107.50
11/12/21;48.15;0.9991;0.0001;-0.0007;0.0026;110.00
11/12/21;47.56;0.9986;0.0001;-0.0010;0.0037;112.50
11/12/21;46.77;0.9981;0.0002;-0.0015;0.0052;115.00
11/12/21;45.85;0.9973;0.0002;-0.0020;0.0072;117.50
11/12/21;45.50;0.9962;0.0003;-0.0028;0.0097;120.00
11/12/21;44.34;0.9948;0.0004;-0.0037;0.0129;122.50
11/12/21;44.11;0.9930;0.0005;-0.0048;0.0169;125.00
11/12/21;43.60;0.9908;0.0007;-0.0062;0.0218;127.50
11/12/21;42.89;0.9879;0.0008;-0.0078;0.0276;130.00
11/12/21;42.33;0.9844;0.0010;-0.0098;0.0344;132.50
11/12/21;42.07;0.9801;0.0013;-0.0120;0.0423;135.00
11/12/21;41.55;0.9750;0.0016;-0.0146;0.0514;137.50
11/12/21;41.20;0.9689;0.0019;-0.0175;0.0617;140.00
11/12/21;40.92;0.9618;0.0022;-0.0208;0.0731;142.50
11/12/21;40.66;0.9536;0.0026;-0.0244;0.0856;145.00
11/12/21;40.37;0.9441;0.0030;-0.0282;0.0992;147.50
11/12/21;40.24;0.9334;0.0035;-0.0324;0.1138;150.00
11/12/21;40.10;0.9214;0.0039;-0.0368;0.1292;152.50
11/12/21;40.00;0.9081;0.0044;-0.0414;0.1454;155.00
11/12/21;40.03;0.8934;0.0049;-0.0461;0.1621;157.50
11/12/21;40.02;0.8773;0.0055;-0.0510;0.1791;160.00
11/12/21;40.11;0.8599;0.0060;-0.0559;0.1963;162.50
11/12/21;40.21;0.8413;0.0065;-0.0608;0.2134;165.00
11/12/21;40.35;0.8213;0.0070;-0.0656;0.2303;167.50
11/12/21;40.55;0.8002;0.0075;-0.0703;0.2467;170.00
11/12/21;40.83;0.7780;0.0080;-0.0747;0.2625;172.50
11/12/21;41.09;0.7547;0.0085;-0.0790;0.2774;175.00
11/12/21;41.40;0.7306;0.0089;-0.0829;0.2913;177.50
11/12/21;41.68;0.7057;0.0093;-0.0866;0.3039;180.00
11/12/21;42.01;0.6802;0.0096;-0.0898;0.3153;182.50
11/12/21;42.38;0.6541;0.0099;-0.0926;0.3252;185.00
11/12/21;42.77;0.6277;0.0102;-0.0951;0.3337;187.50
11/12/21;43.17;0.6010;0.0104;-0.0970;0.3405;190.00
11/12/21;43.59;0.5742;0.0106;-0.0985;0.3458;192.50
11/12/21;44.07;0.5474;0.0107;-0.0996;0.3494;195.00
11/12/21;44.53;0.5207;0.0107;-0.1001;0.3514;197.50
11/12/21;44.98;0.4942;0.0107;-0.1003;0.3518;200.00
11/12/21;45.46;0.4681;0.0107;-0.1000;0.3507;202.50
11/12/21;45.95;0.4425;0.0106;-0.0993;0.3482;205.00
11/12/21;46.43;0.4174;0.0105;-0.0982;0.3443;207.50
11/12/21;46.88;0.3929;0.0103;-0.0967;0.3391;210.00
11/12/21;47.33;0.3691;0.0102;-0.0949;0.3328;212.50
11/12/21;47.81;0.3461;0.0099;-0.0928;0.3254;215.00
11/12/21;48.31;0.3239;0.0097;-0.0905;0.3170;217.50
11/12/21;48.81;0.3026;0.0094;-0.0879;0.3079;220.00
11/12/21;49.30;0.2821;0.0091;-0.0851;0.2980;222.50
11/12/21;49.74;0.2625;0.0088;-0.0821;0.2875;225.00
11/12/21;50.21;0.2439;0.0084;-0.0790;0.2766;227.50
11/12/21;50.66;0.2262;0.0081;-0.0758;0.2653;230.00
11/12/21;51.04;0.2094;0.0077;-0.0725;0.2538;232.50
11/12/21;51.47;0.1936;0.0074;-0.0692;0.2421;235.00
11/12/21;51.89;0.1786;0.0070;-0.0658;0.2303;237.50
11/12/21;52.26;0.1646;0.0067;-0.0625;0.2186;240.00
11/12/21;52.67;0.1514;0.0063;-0.0592;0.2069;242.50
11/12/21;53.08;0.1391;0.0060;-0.0559;0.1954;245.00
11/12/21;53.85;0.1168;0.0053;-0.0496;0.1731;250.00
11/12/21;54.64;0.0976;0.0046;-0.0436;0.1521;255.00
11/12/21;55.42;0.0811;0.0040;-0.0380;0.1325;260.00
11/12/21;56.11;0.0670;0.0035;-0.0329;0.1145;265.00
11/12/21;56.85;0.0552;0.0030;-0.0283;0.0983;270.00
11/12/21;57.49;0.0452;0.0026;-0.0242;0.0839;275.00
11/12/21;58.11;0.0368;0.0022;-0.0206;0.0711;280.00
11/12/21;58.73;0.0299;0.0018;-0.0174;0.0599;285.00
11/12/21;59.32;0.0242;0.0015;-0.0147;0.0502;290.00
11/12/21;59.88;0.0195;0.0013;-0.0123;0.0418;295.00
11/12/21;60.45;0.0157;0.0011;-0.0103;0.0347;300.00
11/12/21;60.75;0.0140;0.0010;-0.0094;0.0316;302.50
11/12/21;61.03;0.0126;0.0009;-0.0085;0.0287;305.00
11/12/21;61.35;0.0112;0.0008;-0.0078;0.0260;307.50
11/12/21;61.65;0.0100;0.0007;-0.0071;0.0236;310.00
11/12/21;61.91;0.0090;0.0007;-0.0065;0.0213;312.50
11/12/21;62.15;0.0080;0.0006;-0.0059;0.0193;315.00
11/12/21;62.45;0.0071;0.0005;-0.0054;0.0174;317.50
11/12/21;62.72;0.0063;0.0005;-0.0049;0.0157;320.00
11/12/21;62.96;0.0056;0.0004;-0.0045;0.0142;322.50
11/12/21;63.28;0.0050;0.0004;-0.0041;0.0128;325.00
11/12/21;63.58;0.0045;0.0004;-0.0037;0.0115;327.50
11/12/21;63.86;0.0040;0.0003;-0.0034;0.0104;330.00
11/12/21;64.10;0.0035;0.0003;-0.0031;0.0093;332.50
11/12/21;64.33;0.0031;0.0003;-0.0028;0.0084;335.00
11/12/21;64.83;0.0025;0.0002;-0.0024;0.0067;340.00
11/12/21;65.36;0.0019;0.0002;-0.0020;0.0054;345.00
11/12/21;65.82;0.0015;0.0001;-0.0017;0.0043;350.00
11/12/21;66.33;0.0012;0.0001;-0.0014;0.0035;355.00
11/12/21;66.77;0.0009;0.0001;-0.0012;0.0028;360.00
11/12/21;67.30;0.0007;0.0001;-0.0011;0.0022;365.00
11/12/21;67.58;0.0006;0.0001;-0.0010;0.0017;370.00
11/12/21;68.47;0.0003;0.0000;-0.0008;0.0011;380.00
11/12/21;68.92;0.0003;0.0000;-0.0007;0.0009;385.00
11/12/21;69.31;0.0002;0.0000;-0.0007;0.0007;390.00
11/12/21;69.88;0.0002;0.0000;-0.0007;0.0005;395.00
11/12/21;70.15;0.0001;0.0000;-0.0006;0.0004;400.00
02/10/22;72.28;0.9998;0.0000;0.0000;0.0000;50.00
02/10/22;62.58;0.9998;0.0000;0.0000;0.0000;60.00
02/10/22;58.33;0.9998;0.0000;0.0000;0.0001;65.00
02/10/22;54.42;0.9997;0.0000;0.0000;0.0003;70.00
02/10/22;52.57;0.9997;0.0000;-0.0001;0.0004;72.50
02/10/22;50.78;0.9997;0.0000;-0.0001;0.0006;75.00
02/10/22;49.06;0.9996;0.0000;-0.0001;0.0010;77.50
02/10/22;47.39;0.9995;0.0000;-0.0002;0.0015;80.00
02/10/22;45.77;0.9993;0.0000;-0.0003;0.0022;82.50
02/10/22;44.20;0.9991;0.0000;-0.0004;0.0031;85.00
02/10/22;44.18;0.9988;0.0001;-0.0005;0.0043;87.50
02/10/22;42.68;0.9985;0.0001;-0.0007;0.0058;90.00
02/10/22;41.22;0.9980;0.0001;-0.0010;0.0078;92.50
02/10/22;40.92;0.9973;0.0001;-0.0013;0.0103;95.00
02/10/22;39.52;0.9965;0.0002;-0.0017;0.0134;97.50
02/10/22;39.05;0.9954;0.0002;-0.0021;0.0171;100.00
02/10/22;38.45;0.9941;0.0003;-0.0027;0.0215;102.50
02/10/22;37.77;0.9926;0.0004;-0.0033;0.0267;105.00
02/10/22;37.54;0.9907;0.0004;-0.0041;0.0328;107.50
02/10/22;37.14;0.9884;0.0005;-0.0050;0.0398;110.00
02/10/22;36.96;0.9857;0.0007;-0.0060;0.0477;112.50
02/10/22;36.59;0.9826;0.0008;-0.0071;0.0566;115.00
02/10/22;36.59;0.9790;0.0009;-0.0084;0.0666;117.50
02/10/22;36.36;0.9749;0.0011;-0.0097;0.0775;120.00
02/10/22;36.15;0.9702;0.0012;-0.0112;0.0895;122.50
02/10/22;36.08;0.9649;0.0014;-0.0129;0.1025;125.00
02/10/22;35.94;0.9590;0.0016;-0.0146;0.1164;127.50
02/10/22;35.86;0.9525;0.0018;-0.0165;0.1313;130.00
02/10/22;35.88;0.9453;0.0020;-0.0185;0.1470;132.50
02/10/22;35.79;0.9374;0.0022;-0.0205;0.1635;135.00
02/10/22;35.76;0.9288;0.0025;-0.0227;0.1806;137.50
02/10/22;35.81;0.9195;0.0027;-0.0249;0.1984;140.00
02/10/22;35.78;0.9095;0.0030;-0.0272;0.2166;142.50
02/10/22;35.81;0.8988;0.0032;-0.0295;0.2352;145.00
02/10/22;35.89;0.8874;0.0035;-0.0319;0.2540;147.50
02/10/22;35.97;0.8754;0.0037;-0.0343;0.2730;150.00
02/10/22;36.08;0.8626;0.0040;-0.0367;0.2920;152.50
02/10/22;36.20;0.8493;0.0043;-0.0391;0.3109;155.00
02/10/22;36.35;0.8353;0.0045;-0.0414;0.3296;157.50
02/10/22;36.53;0.8208;0.0048;-0.0437;0.3479;160.00
02/10/22;36.72;0.8058;0.0050;-0.0460;0.3657;162.50
02/10/22;36.94;0.7902;0.0053;-0.0481;0.3830;165.00
02/10/22;37.17;0.7742;0.0055;-0.0502;0.3996;167.50
02/10/22;37.45;0.7577;0.0057;-0.0522;0.4155;170.00
02/10/22;37.72;0.7409;0.0059;-0.0541;0.4306;172.50
02/10/22;38.02;0.7238;0.0061;-0.0559;0.4447;175.00
02/10/22;38.33;0.7063;0.0063;-0.0576;0.4579;177.50
02/10/22;38.64;0.6887;0.0064;-0.0591;0.4701;180.00
02/10/22;38.97;0.6708;0.0066;-0.0605;0.4812;182.50
02/10/22;39.31;0.6528;0.0067;-0.0618;0.4912;185.00
02/10/22;39.64;0.6347;0.0069;-0.0629;0.5001;187.50
02/10/22;39.97;0.6165;0.0070;-0.0639;0.5079;190.00
02/10/22;40.33;0.5983;0.0071;-0.0647;0.5145;192.50
02/10/22;40.67;0.5801;0.0071;-0.0654;0.5199;195.00
02/10/22;41.00;0.5620;0.0072;-0.0660;0.5243;197.50
02/10/22;41.34;0.5440;0.0072;-0.0664;0.5275;200.00
02/10/22;41.69;0.5261;0.0073;-0.0666;0.5296;202.50
02/10/22;42.02;0.5084;0.0073;-0.0668;0.5306;205.00
02/10/22;42.36;0.4909;0.0073;-0.0668;0.5306;207.50
02/10/22;42.67;0.4736;0.0073;-0.0667;0.5296;210.00
02/10/22;43.01;0.4566;0.0072;-0.0664;0.5276;212.50
02/10/22;43.33;0.4398;0.0072;-0.0661;0.5247;215.00
02/10/22;43.65;0.4233;0.0071;-0.0656;0.5209;217.50
02/10/22;43.96;0.4072;0.0071;-0.0650;0.5163;220.00
02/10/22;44.28;0.3914;0.0070;-0.0644;0.5109;222.50
02/10/22;44.59;0.3759;0.0069;-0.0636;0.5049;225.00
02/10/22;44.89;0.3609;0.0068;-0.0628;0.4981;227.50
02/10/22;45.19;0.3461;0.0067;-0.0619;0.4908;230.00
02/10/22;45.47;0.3318;0.0066;-0.0609;0.4829;232.50
02/10/22;45.76;0.3179;0.0065;-0.0598;0.4744;235.00
02/10/22;46.05;0.3043;0.0064;-0.0587;0.4656;237.50
02/10/22;46.35;0.2912;0.0063;-0.0576;0.4563;240.00
02/10/22;46.63;0.2784;0.0061;-0.0564;0.4466;242.50
02/10/22;46.89;0.2661;0.0060;-0.0551;0.4367;245.00
02/10/22;47.17;0.2542;0.0058;-0.0538;0.4265;247.50
02/10/22;47.44;0.2426;0.0057;-0.0525;0.4161;250.00
02/10/22;47.71;0.2315;0.0056;-0.0512;0.4055;252.50
02/10/22;47.96;0.2208;0.0054;-0.0499;0.3947;255.00
02/10/22;48.23;0.2104;0.0053;-0.0485;0.3839;257.50
02/10/22;48.48;0.2005;0.0051;-0.0472;0.3730;260.00
02/10/22;48.73;0.1909;0.0050;-0.0458;0.3621;262.50
02/10/22;48.99;0.1817;0.0048;-0.0444;0.3512;265.00
02/10/22;49.24;0.1729;0.0047;-0.0431;0.3403;267.50
02/10/22;49.46;0.1644;0.0045;-0.0417;0.3295;270.00
02/10/22;49.71;0.1563;0.0044;-0.0404;0.3187;272.50
02/10/22;49.95;0.1485;0.0042;-0.0390;0.3081;275.00
02/10/22;50.19;0.1410;0.0041;-0.0377;0.2976;277.50
02/10/22;50.40;0.1339;0.0039;-0.0364;0.2872;280.00
02/10/22;50.64;0.1270;0.0038;-0.0351;0.2770;282.50
02/10/22;50.86;0.1205;0.0037;-0.0339;0.2669;285.00
02/10/22;51.08;0.1143;0.0035;-0.0327;0.2571;287.50
02/10/22;51.30;0.1083;0.0034;-0.0314;0.2474;290.00
02/10/22;51.53;0.1027;0.0033;-0.0303;0.2380;292.50
02/10/22;51.74;0.0972;0.0031;-0.0291;0.2288;295.00
02/10/22;51.96;0.0921;0.0030;-0.0280;0.2198;297.50
02/10/22;52.15;0.0872;0.0029;-0.0269;0.2110;300.00
02/10/22;52.36;0.0825;0.0028;-0.0258;0.2025;302.50
02/10/22;52.57;0.0781;0.0027;-0.0248;0.1942;305.00
02/10/22;52.77;0.0738;0.0026;-0.0238;0.1861;307.50
02/10/22;52.98;0.0698;0.0024;-0.0228;0.1783;310.00
02/10/22;53.17;0.0660;0.0023;-0.0218;0.1707;312.50
02/10/22;53.35;0.0624;0.0022;-0.0209;0.1634;315.00
02/10/22;53.57;0.0589;0.0021;-0.0200;0.1563;317.50
02/10/22;53.75;0.0557;0.0021;-0.0192;0.1495;320.00
02/10/22;53.94;0.0526;0.0020;-0.0184;0.1428;322.50
02/10/22;54.11;0.0497;0.0019;-0.0176;0.1365;325.00
02/10/22;54.31;0.0469;0.0018;-0.0168;0.1303;327.50
02/10/22;54.49;0.0442;0.0017;-0.0160;0.1244;330.00
02/10/22;54.66;0.0417;0.0016;-0.0153;0.1187;332.50
02/10/22;54.85;0.0394;0.0016;-0.0146;0.1132;335.00
02/10/22;55.02;0.0371;0.0015;-0.0140;0.1079;337.50
02/10/22;55.22;0.0350;0.0014;-0.0134;0.1029;340.00
02/10/22;55.37;0.0330;0.0013;-0.0127;0.0980;342.50
02/10/22;55.55;0.0311;0.0013;-0.0122;0.0933;345.00
02/10/22;55.71;0.0293;0.0012;-0.0116;0.0889;347.50
02/10/22;55.90;0.0276;0.0012;-0.0111;0.0846;350.00
02/10/22;56.20;0.0245;0.0010;-0.0101;0.0765;355.00
02/10/22;56.55;0.0218;0.0009;-0.0091;0.0692;360.00
02/10/22;56.85;0.0193;0.0009;-0.0083;0.0625;365.00
02/10/22;57.20;0.0171;0.0008;-0.0075;0.0563;370.00
02/10/22;57.51;0.0151;0.0007;-0.0069;0.0508;375.00
02/10/22;57.78;0.0134;0.0006;-0.0062;0.0457;380.00
02/10/22;58.06;0.0118;0.0006;-0.0057;0.0411;385.00
02/10/22;58.37;0.0105;0.0005;-0.0051;0.0369;390.00
02/10/22;58.69;0.0093;0.0005;-0.0047;0.0332;395.00
02/10/22;58.99;0.0082;0.0004;-0.0042;0.0298;400.00
04/08/22;64.31;0.9997;0.0000;0.0000;0.0000;50.00
04/08/22;55.69;0.9997;0.0000;0.0000;0.0002;60.00
04/08/22;51.93;0.9996;0.0000;-0.0001;0.0006;65.00
04/08/22;48.46;0.9995;0.0000;-0.0001;0.0014;70.00
04/08/22;45.23;0.9992;0.0000;-0.0003;0.0030;75.00
04/08/22;43.70;0.9989;0.0000;-0.0004;0.0042;77.50
04/08/22;42.22;0.9986;0.0001;-0.0005;0.0058;80.00
04/08/22;41.88;0.9982;0.0001;-0.0007;0.0077;82.50
04/08/22;40.47;0.9976;0.0001;-0.0009;0.0102;85.00
04/08/22;39.11;0.9970;0.0001;-0.0012;0.0132;87.50
04/08/22;38.66;0.9961;0.0002;-0.0015;0.0169;90.00
04/08/22;37.35;0.9950;0.0002;-0.0019;0.0212;92.50
04/08/22;36.81;0.9937;0.0003;-0.0024;0.0263;95.00
04/08/22;36.74;0.9922;0.0003;-0.0030;0.0323;97.50
04/08/22;36.00;0.9903;0.0004;-0.0036;0.0391;100.00
04/08/22;36.04;0.9882;0.0005;-0.0043;0.0469;102.50
04/08/22;35.52;0.9856;0.0006;-0.0051;0.0557;105.00
04/08/22;35.49;0.9827;0.0007;-0.0060;0.0654;107.50
04/08/22;35.25;0.9794;0.0008;-0.0070;0.0761;110.00
04/08/22;35.28;0.9756;0.0009;-0.0080;0.0879;112.50
04/08/22;35.09;0.9714;0.0010;-0.0092;0.1006;115.00
04/08/22;35.05;0.9667;0.0012;-0.0105;0.1144;117.50
04/08/22;35.08;0.9614;0.0013;-0.0118;0.1290;120.00
04/08/22;35.03;0.9557;0.0015;-0.0132;0.1446;122.50
04/08/22;34.99;0.9494;0.0017;-0.0147;0.1610;125.00
04/08/22;35.04;0.9425;0.0018;-0.0163;0.1781;127.50
04/08/22;35.05;0.9351;0.0020;-0.0179;0.1960;130.00
04/08/22;35.09;0.9271;0.0022;-0.0196;0.2144;132.50
04/08/22;35.09;0.9185;0.0024;-0.0214;0.2333;135.00
04/08/22;35.13;0.9094;0.0026;-0.0231;0.2527;137.50
04/08/22;35.16;0.8997;0.0028;-0.0249;0.2724;140.00
04/08/22;35.22;0.8895;0.0030;-0.0268;0.2922;142.50
04/08/22;35.32;0.8787;0.0032;-0.0286;0.3122;145.00
04/08/22;35.38;0.8675;0.0034;-0.0304;0.3322;147.50
04/08/22;35.47;0.8557;0.0036;-0.0323;0.3521;150.00
04/08/22;35.57;0.8435;0.0038;-0.0341;0.3718;152.50
04/08/22;35.69;0.8308;0.0040;-0.0358;0.3911;155.00
04/08/22;35.83;0.8177;0.0042;-0.0376;0.4101;157.50
04/08/22;35.98;0.8041;0.0044;-0.0393;0.4286;160.00
04/08/22;36.17;0.7903;0.0046;-0.0409;0.4466;162.50
04/08/22;36.35;0.7760;0.0048;-0.0425;0.4639;165.00
04/08/22;36.54;0.7615;0.0049;-0.0440;0.4804;167.50
04/08/22;36.77;0.7467;0.0051;-0.0455;0.4963;170.00
04/08/22;37.00;0.7317;0.0052;-0.0469;0.5112;172.50
04/08/22;37.27;0.7164;0.0054;-0.0482;0.5253;175.00
04/08/22;37.53;0.7010;0.0055;-0.0494;0.5385;177.50
04/08/22;37.81;0.6854;0.0057;-0.0505;0.5508;180.00
04/08/22;38.09;0.6697;0.0058;-0.0516;0.5620;182.50
04/08/22;38.40;0.6539;0.0059;-0.0525;0.5722;185.00
04/08/22;38.69;0.6380;0.0060;-0.0534;0.5815;187.50
04/08/22;39.00;0.6222;0.0060;-0.0541;0.5896;190.00
04/08/22;39.31;0.6063;0.0061;-0.0548;0.5968;192.50
04/08/22;39.63;0.5904;0.0062;-0.0553;0.6029;195.00
04/08/22;39.94;0.5747;0.0062;-0.0558;0.6081;197.50
04/08/22;40.25;0.5590;0.0063;-0.0562;0.6122;200.00
04/08/22;40.56;0.5434;0.0063;-0.0565;0.6153;202.50
04/08/22;40.87;0.5279;0.0063;-0.0567;0.6174;205.00
04/08/22;41.17;0.5125;0.0063;-0.0568;0.6187;207.50
04/08/22;41.48;0.4974;0.0063;-0.0569;0.6190;210.00
04/08/22;41.79;0.4824;0.0063;-0.0568;0.6184;212.50
04/08/22;42.09;0.4676;0.0063;-0.0567;0.6170;215.00
04/08/22;42.38;0.4530;0.0063;-0.0565;0.6147;217.50
04/08/22;42.67;0.4387;0.0063;-0.0562;0.6117;220.00
04/08/22;42.97;0.4246;0.0062;-0.0559;0.6079;222.50
04/08/22;43.25;0.4108;0.0062;-0.0555;0.6035;225.00
04/08/22;43.52;0.3972;0.0061;-0.0550;0.5983;227.50
04/08/22;43.80;0.3838;0.0061;-0.0545;0.5926;230.00
04/08/22;44.07;0.3708;0.0060;-0.0539;0.5863;232.50
04/08/22;44.36;0.3581;0.0059;-0.0533;0.5794;235.00
04/08/22;44.62;0.3456;0.0059;-0.0526;0.5721;237.50
04/08/22;44.88;0.3334;0.0058;-0.0519;0.5643;240.00
04/08/22;45.14;0.3215;0.0057;-0.0512;0.5560;242.50
04/08/22;45.40;0.3100;0.0056;-0.0504;0.5474;245.00
04/08/22;45.65;0.2987;0.0055;-0.0496;0.5384;247.50
04/08/22;45.90;0.2877;0.0054;-0.0487;0.5292;250.00
04/08/22;46.40;0.2666;0.0052;-0.0470;0.5099;255.00
04/08/22;46.86;0.2468;0.0050;-0.0452;0.4897;260.00
04/08/22;47.33;0.2281;0.0048;-0.0433;0.4690;265.00
04/08/22;47.80;0.2106;0.0046;-0.0413;0.4479;270.00
04/08/22;48.23;0.1941;0.0044;-0.0394;0.4267;275.00
04/08/22;48.65;0.1788;0.0042;-0.0375;0.4055;280.00
04/08/22;49.49;0.1512;0.0037;-0.0337;0.3637;290.00
04/08/22;50.29;0.1273;0.0033;-0.0300;0.3236;300.00
06/10/22;58.28;0.9996;0.0000;0.0000;0.0001;50.00
06/10/22;50.48;0.9995;0.0000;-0.0001;0.0011;60.00
06/10/22;47.08;0.9993;0.0000;-0.0002;0.0024;65.00
06/10/22;44.82;0.9989;0.0000;-0.0003;0.0048;70.00
06/10/22;42.63;0.9981;0.0001;-0.0006;0.0087;75.00
06/10/22;41.21;0.9976;0.0001;-0.0008;0.0114;77.50
06/10/22;40.49;0.9969;0.0001;-0.0010;0.0147;80.00
06/10/22;39.73;0.9961;0.0002;-0.0013;0.0187;82.50
06/10/22;38.93;0.9951;0.0002;-0.0016;0.0234;85.00
06/10/22;38.55;0.9939;0.0002;-0.0020;0.0290;87.50
06/10/22;38.06;0.9924;0.0003;-0.0025;0.0354;90.00
06/10/22;37.49;0.9907;0.0003;-0.0030;0.0426;92.50
06/10/22;37.14;0.9887;0.0004;-0.0036;0.0509;95.00
06/10/22;36.69;0.9864;0.0005;-0.0042;0.0601;97.50
06/10/22;36.37;0.9837;0.0006;-0.0049;0.0703;100.00
06/10/22;36.13;0.9807;0.0007;-0.0057;0.0816;102.50
06/10/22;35.93;0.9773;0.0008;-0.0066;0.0938;105.00
06/10/22;35.75;0.9735;0.0009;-0.0075;0.1071;107.50
06/10/22;35.56;0.9693;0.0010;-0.0085;0.1213;110.00
06/10/22;35.46;0.9646;0.0011;-0.0096;0.1364;112.50
06/10/22;35.23;0.9595;0.0012;-0.0107;0.1525;115.00
06/10/22;35.14;0.9539;0.0014;-0.0119;0.1694;117.50
06/10/22;35.00;0.9479;0.0015;-0.0131;0.1870;120.00
06/10/22;34.94;0.9413;0.0017;-0.0144;0.2054;122.50
06/10/22;34.81;0.9343;0.0018;-0.0158;0.2244;125.00
06/10/22;34.73;0.9269;0.0020;-0.0171;0.2440;127.50
06/10/22;34.69;0.9189;0.0021;-0.0185;0.2640;130.00
06/10/22;34.65;0.9105;0.0023;-0.0200;0.2844;132.50
06/10/22;34.58;0.9016;0.0025;-0.0214;0.3050;135.00
06/10/22;34.56;0.8923;0.0026;-0.0229;0.3258;137.50
06/10/22;34.56;0.8825;0.0028;-0.0244;0.3468;140.00
06/10/22;34.54;0.8723;0.0030;-0.0258;0.3677;142.50
06/10/22;34.54;0.8617;0.0031;-0.0273;0.3885;145.00
06/10/22;34.57;0.8507;0.0033;-0.0287;0.4092;147.50
06/10/22;34.60;0.8394;0.0035;-0.0302;0.4295;150.00
06/10/22;34.66;0.8277;0.0036;-0.0316;0.4496;152.50
06/10/22;34.75;0.8156;0.0038;-0.0330;0.4692;155.00
06/10/22;34.83;0.8033;0.0039;-0.0343;0.4883;157.50
06/10/22;34.93;0.7906;0.0041;-0.0356;0.5068;160.00
06/10/22;35.07;0.7777;0.0042;-0.0369;0.5247;162.50
06/10/22;35.20;0.7646;0.0044;-0.0381;0.5419;165.00
06/10/22;35.37;0.7513;0.0045;-0.0393;0.5584;167.50
06/10/22;35.55;0.7378;0.0046;-0.0404;0.5741;170.00
06/10/22;35.74;0.7241;0.0047;-0.0414;0.5890;172.50
06/10/22;35.96;0.7102;0.0049;-0.0424;0.6030;175.00
06/10/22;36.18;0.6963;0.0050;-0.0433;0.6162;177.50
06/10/22;36.44;0.6823;0.0051;-0.0442;0.6284;180.00
06/10/22;36.69;0.6682;0.0052;-0.0450;0.6397;182.50
06/10/22;36.95;0.6540;0.0052;-0.0457;0.6501;185.00
06/10/22;37.23;0.6398;0.0053;-0.0464;0.6596;187.50
06/10/22;37.52;0.6257;0.0054;-0.0470;0.6681;190.00
06/10/22;37.81;0.6115;0.0054;-0.0476;0.6756;192.50
06/10/22;38.12;0.5974;0.0055;-0.0480;0.6822;195.00
06/10/22;38.42;0.5833;0.0055;-0.0484;0.6879;197.50
06/10/22;38.72;0.5693;0.0056;-0.0488;0.6927;200.00
06/10/22;39.04;0.5554;0.0056;-0.0491;0.6965;202.50
06/10/22;39.34;0.5416;0.0056;-0.0493;0.6995;205.00
06/10/22;39.64;0.5279;0.0057;-0.0494;0.7016;207.50
06/10/22;39.95;0.5143;0.0057;-0.0495;0.7029;210.00
06/10/22;40.27;0.5009;0.0057;-0.0496;0.7034;212.50
06/10/22;40.57;0.4877;0.0057;-0.0495;0.7031;215.00
06/10/22;40.88;0.4746;0.0057;-0.0495;0.7020;217.50
06/10/22;41.18;0.4616;0.0056;-0.0494;0.7002;220.00
06/10/22;41.49;0.4489;0.0056;-0.0492;0.6976;222.50
06/10/22;41.79;0.4364;0.0056;-0.0490;0.6945;225.00
06/10/22;42.09;0.4240;0.0056;-0.0487;0.6906;227.50
06/10/22;42.38;0.4119;0.0055;-0.0484;0.6862;230.00
06/10/22;42.67;0.4000;0.0055;-0.0481;0.6812;232.50
06/10/22;42.96;0.3883;0.0054;-0.0477;0.6757;235.00
06/10/22;43.25;0.3768;0.0054;-0.0473;0.6696;237.50
06/10/22;43.53;0.3656;0.0053;-0.0468;0.6631;240.00
06/10/22;43.80;0.3545;0.0053;-0.0463;0.6562;242.50
06/10/22;44.09;0.3438;0.0052;-0.0458;0.6488;245.00
06/10/22;44.36;0.3332;0.0052;-0.0453;0.6411;247.50
06/10/22;44.63;0.3229;0.0051;-0.0447;0.6329;250.00
06/10/22;45.16;0.3029;0.0050;-0.0435;0.6158;255.00
06/10/22;45.66;0.2839;0.0048;-0.0423;0.5976;260.00
06/10/22;46.18;0.2659;0.0047;-0.0409;0.5786;265.00
06/10/22;46.66;0.2487;0.0045;-0.0396;0.5589;270.00
06/10/22;46.91;0.2405;0.0044;-0.0389;0.5488;272.50
06/10/22;47.16;0.2325;0.0043;-0.0382;0.5387;275.00
06/10/22;47.38;0.2247;0.0043;-0.0374;0.5285;277.50
06/10/22;47.61;0.2171;0.0042;-0.0367;0.5182;280.00
06/10/22;48.52;0.1890;0.0038;-0.0338;0.4770;290.00
08/12/22;53.92;0.9995;0.0000;0.0000;0.0005;50.00
08/12/22;46.71;0.9991;0.0000;-0.0002;0.0030;60.00
08/12/22;44.29;0.9987;0.0000;-0.0003;0.0059;65.00
08/12/22;41.36;0.9979;0.0001;-0.0006;0.0105;70.00
08/12/22;39.24;0.9966;0.0001;-0.0010;0.0176;75.00
08/12/22;38.48;0.9957;0.0001;-0.0013;0.0222;77.50
08/12/22;37.70;0.9947;0.0002;-0.0016;0.0276;80.00
08/12/22;37.31;0.9934;0.0002;-0.0019;0.0338;82.50
08/12/22;36.47;0.9920;0.0003;-0.0023;0.0410;85.00
08/12/22;35.96;0.9902;0.0003;-0.0028;0.0491;87.50
08/12/22;35.67;0.9882;0.0004;-0.0033;0.0582;90.00
08/12/22;35.27;0.9859;0.0005;-0.0039;0.0683;92.50
08/12/22;35.00;0.9833;0.0005;-0.0045;0.0794;95.00
08/12/22;34.62;0.9803;0.0006;-0.0052;0.0915;97.50
08/12/22;34.49;0.9770;0.0007;-0.0059;0.1047;100.00
08/12/22;34.23;0.9733;0.0008;-0.0067;0.1189;102.50
08/12/22;33.99;0.9693;0.0009;-0.0076;0.1340;105.00
08/12/22;33.87;0.9648;0.0010;-0.0085;0.1501;107.50
08/12/22;33.72;0.9599;0.0011;-0.0095;0.1670;110.00
08/12/22;33.55;0.9547;0.0012;-0.0105;0.1848;112.50
08/12/22;33.49;0.9490;0.0014;-0.0115;0.2033;115.00
08/12/22;33.32;0.9429;0.0015;-0.0126;0.2225;117.50
08/12/22;33.23;0.9363;0.0016;-0.0137;0.2424;120.00
08/12/22;33.13;0.9294;0.0018;-0.0149;0.2627;122.50
08/12/22;33.08;0.9220;0.0019;-0.0161;0.2836;125.00
08/12/22;32.97;0.9143;0.0020;-0.0173;0.3047;127.50
08/12/22;32.92;0.9061;0.0022;-0.0185;0.3262;130.00
08/12/22;32.85;0.8975;0.0023;-0.0197;0.3479;132.50
08/12/22;32.78;0.8886;0.0025;-0.0210;0.3696;135.00
08/12/22;32.75;0.8793;0.0026;-0.0222;0.3914;137.50
08/12/22;32.74;0.8696;0.0028;-0.0234;0.4132;140.00
08/12/22;32.72;0.8596;0.0029;-0.0247;0.4347;142.50
08/12/22;32.71;0.8492;0.0030;-0.0259;0.4561;145.00
08/12/22;32.73;0.8386;0.0032;-0.0271;0.4771;147.50
08/12/22;32.80;0.8277;0.0033;-0.0283;0.4978;150.00
08/12/22;32.88;0.8164;0.0035;-0.0294;0.5180;152.50
08/12/22;33.00;0.8050;0.0036;-0.0305;0.5378;155.00
08/12/22;33.16;0.7933;0.0037;-0.0316;0.5570;157.50
08/12/22;33.36;0.7814;0.0038;-0.0327;0.5755;160.00
08/12/22;33.61;0.7693;0.0040;-0.0337;0.5934;162.50
08/12/22;33.91;0.7570;0.0041;-0.0347;0.6106;165.00
08/12/22;34.22;0.7446;0.0042;-0.0356;0.6271;167.50
08/12/22;34.55;0.7321;0.0043;-0.0365;0.6428;170.00
08/12/22;34.90;0.7194;0.0044;-0.0374;0.6576;172.50
08/12/22;35.25;0.7066;0.0045;-0.0382;0.6717;175.00
08/12/22;35.62;0.6938;0.0046;-0.0389;0.6849;177.50
08/12/22;35.98;0.6809;0.0046;-0.0396;0.6972;180.00
08/12/22;36.33;0.6680;0.0047;-0.0403;0.7086;182.50
08/12/22;36.69;0.6550;0.0048;-0.0409;0.7192;185.00
08/12/22;37.05;0.6420;0.0049;-0.0414;0.7289;187.50
08/12/22;37.40;0.6291;0.0049;-0.0419;0.7377;190.00
08/12/22;37.74;0.6161;0.0050;-0.0424;0.7456;192.50
08/12/22;38.08;0.6032;0.0050;-0.0428;0.7526;195.00
08/12/22;38.41;0.5904;0.0051;-0.0432;0.7588;197.50
08/12/22;38.74;0.5776;0.0051;-0.0435;0.7641;200.00
08/12/22;39.07;0.5649;0.0051;-0.0437;0.7686;202.50
08/12/22;39.39;0.5523;0.0051;-0.0439;0.7722;205.00
08/12/22;39.69;0.5397;0.0052;-0.0441;0.7751;207.50
08/12/22;40.01;0.5273;0.0052;-0.0442;0.7771;210.00
08/12/22;40.31;0.5150;0.0052;-0.0443;0.7784;212.50
08/12/22;40.60;0.5029;0.0052;-0.0443;0.7790;215.00
08/12/22;40.90;0.4909;0.0052;-0.0443;0.7788;217.50
08/12/22;41.18;0.4790;0.0052;-0.0443;0.7779;220.00
08/12/22;41.46;0.4673;0.0052;-0.0442;0.7764;222.50
08/12/22;41.75;0.4557;0.0052;-0.0441;0.7742;225.00
08/12/22;42.02;0.4443;0.0051;-0.0440;0.7714;227.50
08/12/22;42.29;0.4331;0.0051;-0.0438;0.7681;230.00
08/12/22;42.55;0.4220;0.0051;-0.0436;0.7641;232.50
08/12/22;42.82;0.4112;0.0051;-0.0433;0.7597;235.00
08/12/22;43.07;0.4005;0.0050;-0.0430;0.7547;237.50
08/12/22;43.32;0.3900;0.0050;-0.0427;0.7493;240.00
08/12/22;43.56;0.3796;0.0050;-0.0424;0.7434;242.50
08/12/22;43.81;0.3695;0.0049;-0.0420;0.7370;245.00
08/12/22;44.06;0.3596;0.0049;-0.0417;0.7303;247.50
08/12/22;44.29;0.3498;0.0048;-0.0413;0.7232;250.00
08/12/22;44.75;0.3309;0.0047;-0.0404;0.7080;255.00
08/12/22;45.20;0.3128;0.0046;-0.0395;0.6917;260.00
08/12/22;45.65;0.2954;0.0045;-0.0385;0.6743;265.00
08/12/22;46.08;0.2788;0.0044;-0.0375;0.6561;270.00
08/12/22;46.90;0.2479;0.0041;-0.0354;0.6178;280.00
08/12/22;47.67;0.2199;0.0039;-0.0331;0.5781;290.00
08/12/22;48.41;0.1946;0.0036;-0.0309;0.5378;300.00
