Date,Strike,Moneyness,Bid,Midpoint,Ask,Last,IV
210806,1200.00,0.73,3188.80,3190.85,3192.90,0.00,7.48
210806,1400.00,0.68,2988.80,2990.85,2992.90,0.00,6.63
210806,1600.00,0.64,2788.80,2790.85,2792.90,0.00,5.89
210806,1800.00,0.59,2588.80,2590.85,2592.90,0.00,5.24
210806,1900.00,0.57,2488.80,2490.85,2492.90,0.00,4.95
210806,2000.00,0.54,2388.80,2390.85,2392.90,0.00,4.67
210806,2100.00,0.52,2288.80,2290.80,2292.80,0.00,4.39
210806,2200.00,0.50,2188.80,2190.80,2192.80,0.00,4.14
210806,2300.00,0.48,2088.80,2090.80,2092.80,0.00,3.89
210806,2400.00,0.45,1988.90,1990.85,1992.80,0.00,3.66
210806,2500.00,0.43,1888.90,1890.85,1892.80,0.00,3.44
210806,2600.00,0.41,1788.90,1790.85,1792.80,0.00,3.22
210806,2700.00,0.38,1688.80,1690.80,1692.80,0.00,3.01
210806,2800.00,0.36,1588.90,1590.85,1592.80,0.00,2.81
210806,2900.00,0.34,1488.90,1490.85,1492.80,0.00,2.61
210806,3000.00,0.32,1388.90,1390.90,1392.90,0.00,2.43
210806,3100.00,0.29,1289.00,1290.90,1292.80,0.00,2.24
210806,3200.00,0.27,1189.00,1190.90,1192.80,0.00,2.06
210806,3300.00,0.25,1089.00,1090.85,1092.70,0.00,1.88
210806,3350.00,0.24,1039.00,1040.85,1042.70,0.00,1.79
210806,3400.00,0.23,989.00,990.85,992.70,1017.28,1.71
210806,3450.00,0.21,939.10,941.00,942.90,0.00,1.63
210806,3500.00,0.20,889.10,891.00,892.90,0.00,1.55
210806,3525.00,0.20,864.10,866.00,867.90,0.00,1.51
210806,3550.00,0.19,839.10,841.00,842.90,0.00,1.47
210806,3575.00,0.19,814.10,816.00,817.90,0.00,1.42
210806,3600.00,0.18,789.10,791.00,792.90,814.55,1.38
210806,3625.00,0.17,765.50,765.90,766.30,0.00,1.34
210806,3650.00,0.17,740.50,740.95,741.40,0.00,1.30
210806,3675.00,0.16,715.50,715.90,716.30,0.00,1.25
210806,3700.00,0.16,690.50,690.90,691.30,0.00,1.21
210806,3725.00,0.15,665.50,665.95,666.40,0.00,1.17
210806,3750.00,0.15,640.50,640.90,641.30,664.19,1.13
210806,3775.00,0.14,615.50,615.95,616.40,642.62,1.09
210806,3800.00,0.13,590.50,590.95,591.40,593.36,1.05
210806,3825.00,0.13,565.50,565.95,566.40,0.00,1.01
210806,3850.00,0.12,540.50,540.95,541.40,0.00,0.97
210806,3875.00,0.12,515.60,516.00,516.40,0.00,0.93
210806,3900.00,0.11,490.60,491.00,491.40,0.00,0.89
210806,3925.00,0.11,465.60,466.00,466.40,490.77,0.85
210806,3950.00,0.10,440.60,441.00,441.40,0.00,0.81
210806,3975.00,0.09,415.60,416.00,416.40,0.00,0.77
210806,4000.00,0.09,390.60,391.05,391.50,0.00,0.73
210806,4025.00,0.08,365.60,366.05,366.50,0.00,0.69
210806,4050.00,0.08,340.60,341.05,341.50,0.00,0.65
210806,4075.00,0.07,315.60,316.05,316.50,0.00,0.61
210806,4100.00,0.07,290.60,291.05,291.50,0.00,0.57
210806,4125.00,0.06,265.70,266.10,266.50,217.00,0.53
210806,4150.00,0.05,240.70,241.10,241.50,251.69,0.49
210806,4175.00,0.05,215.70,216.15,216.60,125.00,0.45
210806,4200.00,0.04,190.80,191.25,191.70,199.09,0.41
210806,4225.00,0.04,165.90,166.35,166.80,176.12,0.37
210806,4250.00,0.03,141.10,141.50,141.90,137.14,0.33
210806,4275.00,0.03,116.40,116.85,117.30,125.52,0.29
210806,4300.00,0.02,92.20,92.65,93.10,90.80,0.25
210806,4325.00,0.01,69.10,69.30,69.50,67.20,0.22
210806,4350.00,0.01,47.10,47.30,47.50,44.40,0.19
210806,4375.00,0.00,27.30,27.50,27.70,26.72,0.16
210806,4400.00,0.00,11.90,12.05,12.20,11.99,0.14
210806,4425.00,-0.01,3.20,3.30,3.40,3.20,0.12
210806,4450.00,-0.01,0.60,0.63,0.65,0.60,0.11
210806,4475.00,-0.02,0.10,0.15,0.20,0.12,0.11
210806,4500.00,-0.03,0.05,0.05,0.05,0.05,0.13
210806,4525.00,-0.03,0.05,0.05,0.05,0.05,0.15
210806,4550.00,-0.04,0.05,0.05,0.05,0.05,0.18
210806,4575.00,-0.04,0.05,0.05,0.05,0.05,0.20
210806,4600.00,-0.05,0.05,0.05,0.05,0.05,0.23
210806,4625.00,-0.05,0.05,0.05,0.05,0.05,0.00
210806,4650.00,-0.06,0.05,0.05,0.05,0.05,0.00
210806,4675.00,-0.07,0.05,0.05,0.05,0.05,0.00
210806,4700.00,-0.07,0.05,0.05,0.05,0.05,0.00
210806,4725.00,-0.08,0.05,0.05,0.05,0.05,0.00
210806,4750.00,-0.08,0.05,0.05,0.05,0.05,0.00
210806,4775.00,-0.09,0.05,0.05,0.05,0.05,0.38
210806,4800.00,-0.09,0.05,0.05,0.05,0.05,0.00
210806,4825.00,-0.10,0.00,0.03,0.05,0.00,0.00
210806,4850.00,-0.11,0.05,0.05,0.05,0.05,0.00
210806,4900.00,-0.12,0.05,0.05,0.05,0.05,0.00
210806,5000.00,-0.14,0.00,0.03,0.05,0.00,0.00
210806,5100.00,-0.16,0.00,0.03,0.05,0.00,0.00
210806,5200.00,-0.19,0.00,0.03,0.05,0.00,0.00
210806,5300.00,-0.21,0.00,0.03,0.05,0.00,0.00
210806,5400.00,-0.23,0.00,0.03,0.05,0.00,0.00
210806,5500.00,-0.25,0.00,0.03,0.05,0.00,0.00
210806,5600.00,-0.28,0.00,0.03,0.05,0.00,0.00
210806,5700.00,-0.30,0.00,0.03,0.05,0.00,0.00
210806,5800.00,-0.32,0.00,0.03,0.05,0.00,0.00
210806,6000.00,-0.37,0.00,0.03,0.05,0.00,0.00
210806,6200.00,-0.41,0.00,0.03,0.05,0.00,0.00
210809,1200.00,0.73,3187.60,3189.70,3191.80,0.00,3.94
210809,1400.00,0.68,2987.60,2989.70,2991.80,0.00,3.49
210809,1600.00,0.64,2787.70,2789.75,2791.80,0.00,3.11
210809,1800.00,0.59,2587.70,2589.75,2591.80,0.00,2.77
210809,1900.00,0.57,2487.60,2489.70,2491.80,0.00,2.61
210809,2000.00,0.54,2387.70,2389.75,2391.80,0.00,2.46
210809,2100.00,0.52,2287.70,2289.75,2291.80,0.00,2.32
210809,2200.00,0.50,2187.70,2189.75,2191.80,0.00,2.19
210809,2300.00,0.48,2087.70,2089.80,2091.90,0.00,2.06
210809,2400.00,0.45,1987.70,1989.75,1991.80,0.00,1.93
210809,2500.00,0.43,1887.70,1889.80,1891.90,0.00,1.82
210809,2600.00,0.41,1787.70,1789.80,1791.90,0.00,1.70
210809,2700.00,0.38,1687.80,1689.85,1691.90,0.00,1.59
210809,2800.00,0.36,1587.80,1589.85,1591.90,0.00,1.49
210809,2900.00,0.34,1487.80,1489.85,1491.90,0.00,1.38
210809,3000.00,0.32,1387.80,1389.85,1391.90,0.00,1.28
210809,3100.00,0.29,1287.80,1289.80,1291.80,0.00,1.18
210809,3200.00,0.27,1187.80,1189.85,1191.90,0.00,1.09
210809,3300.00,0.25,1087.80,1089.85,1091.90,0.00,0.99
210809,3350.00,0.24,1037.80,1039.85,1041.90,0.00,0.95
210809,3400.00,0.23,987.90,989.90,991.90,0.00,0.90
210809,3450.00,0.21,937.90,939.95,942.00,926.84,0.86
210809,3500.00,0.20,888.00,890.00,892.00,0.00,0.82
210809,3525.00,0.20,863.00,865.00,867.00,0.00,0.80
210809,3550.00,0.19,838.00,840.00,842.00,0.00,0.77
210809,3575.00,0.19,813.00,815.00,817.00,0.00,0.75
210809,3600.00,0.18,788.10,790.05,792.00,690.91,0.73
210809,3625.00,0.17,763.10,765.10,767.10,0.00,0.71
210809,3650.00,0.17,738.10,740.10,742.10,0.00,0.69
210809,3675.00,0.16,713.10,715.10,717.10,0.00,0.67
210809,3700.00,0.16,688.10,690.10,692.10,664.64,0.65
210809,3725.00,0.15,663.20,665.15,667.10,0.00,0.63
210809,3750.00,0.15,638.20,640.20,642.20,0.00,0.60
210809,3775.00,0.14,613.20,615.20,617.20,0.00,0.58
210809,3800.00,0.13,588.20,590.20,592.20,0.00,0.56
210809,3825.00,0.13,563.30,565.20,567.10,0.00,0.54
210809,3850.00,0.12,538.30,540.25,542.20,411.26,0.52
210809,3875.00,0.12,513.30,515.30,517.30,0.00,0.50
210809,3900.00,0.11,488.30,490.30,492.30,0.00,0.48
210809,3925.00,0.11,463.30,465.30,467.30,0.00,0.46
210809,3950.00,0.10,438.40,440.35,442.30,0.00,0.44
210809,3975.00,0.09,413.40,415.35,417.30,0.00,0.41
210809,4000.00,0.09,388.50,390.45,392.40,0.00,0.39
210809,4025.00,0.08,363.50,365.45,367.40,0.00,0.37
210809,4050.00,0.08,338.60,340.55,342.50,315.71,0.35
210809,4075.00,0.07,313.70,315.65,317.60,0.00,0.33
210809,4100.00,0.07,288.90,290.85,292.80,0.00,0.31
210809,4125.00,0.06,264.10,266.00,267.90,0.00,0.29
210809,4150.00,0.05,239.40,241.30,243.20,262.90,0.27
210809,4175.00,0.05,214.80,216.70,218.60,0.00,0.25
210809,4200.00,0.04,190.40,192.30,194.20,230.23,0.24
210809,4225.00,0.04,166.30,168.05,169.80,179.22,0.22
210809,4250.00,0.03,142.60,144.25,145.90,162.72,0.20
210809,4275.00,0.03,120.70,121.00,121.30,147.53,0.19
210809,4300.00,0.02,98.10,98.40,98.70,95.35,0.18
210809,4325.00,0.01,76.30,76.60,76.90,77.95,0.16
210809,4350.00,0.01,55.90,56.20,56.50,54.43,0.15
210809,4375.00,0.00,37.50,37.75,38.00,35.77,0.13
210809,4400.00,0.00,21.90,22.10,22.30,21.40,0.12
210809,4425.00,-0.01,10.50,10.70,10.90,10.38,0.11
210809,4450.00,-0.01,3.80,3.95,4.10,3.73,0.09
210809,4475.00,-0.02,1.10,1.18,1.25,1.10,0.09
210809,4500.00,-0.03,0.30,0.38,0.45,0.38,0.09
210809,4525.00,-0.03,0.10,0.15,0.20,0.15,0.09
210809,4550.00,-0.04,0.05,0.10,0.15,0.05,0.10
210809,4575.00,-0.04,0.05,0.08,0.10,0.05,0.11
210809,4600.00,-0.05,0.05,0.08,0.10,0.15,0.13
210809,4625.00,-0.05,0.05,0.08,0.10,0.30,0.00
210809,4650.00,-0.06,0.05,0.05,0.05,0.07,0.15
210809,4675.00,-0.07,0.05,0.08,0.10,0.45,0.00
210809,4700.00,-0.07,0.05,0.05,0.05,0.15,0.00
210809,4725.00,-0.08,0.05,0.05,0.05,0.12,0.00
210809,4750.00,-0.08,0.05,0.05,0.05,0.10,0.00
210809,4775.00,-0.09,0.05,0.05,0.05,0.00,0.00
210809,4800.00,-0.09,0.05,0.05,0.05,0.16,0.00
210809,4825.00,-0.10,0.00,0.03,0.05,0.00,0.00
210809,4850.00,-0.11,0.05,0.05,0.05,0.05,0.00
210809,4900.00,-0.12,0.05,0.05,0.05,0.10,0.00
210809,5000.00,-0.14,0.05,0.05,0.05,0.05,0.00
210809,5100.00,-0.16,0.00,0.03,0.05,0.00,0.00
210809,5200.00,-0.19,0.00,0.03,0.05,0.00,0.00
210809,5300.00,-0.21,0.00,0.03,0.05,0.00,0.00
210809,5400.00,-0.23,0.00,0.03,0.05,0.00,0.00
210809,5500.00,-0.25,0.00,0.03,0.05,0.00,0.00
210809,5600.00,-0.28,0.00,0.03,0.05,0.00,0.00
210809,5700.00,-0.30,0.00,0.03,0.05,0.00,0.00
210809,5800.00,-0.32,0.00,0.03,0.05,0.00,0.00
210809,6000.00,-0.37,0.00,0.03,0.05,0.00,0.00
210809,6200.00,-0.41,0.00,0.03,0.05,0.00,0.00
210811,1200.00,0.73,3187.50,3189.55,3191.60,0.00,3.50
210811,1400.00,0.68,2987.50,2989.55,2991.60,0.00,3.10
210811,1600.00,0.64,2787.50,2789.60,2791.70,0.00,2.76
210811,1800.00,0.59,2587.50,2589.60,2591.70,0.00,2.45
210811,1900.00,0.57,2487.60,2489.65,2491.70,0.00,2.32
210811,2000.00,0.54,2387.60,2389.65,2391.70,0.00,2.19
210811,2100.00,0.52,2287.50,2289.60,2291.70,0.00,2.06
210811,2200.00,0.50,2187.50,2189.60,2191.70,0.00,1.94
210811,2300.00,0.48,2087.60,2089.65,2091.70,2052.65,1.83
210811,2400.00,0.45,1987.60,1989.70,1991.80,0.00,1.72
210811,2500.00,0.43,1887.60,1889.65,1891.70,0.00,1.61
210811,2600.00,0.41,1787.60,1789.70,1791.80,0.00,1.51
210811,2700.00,0.38,1687.60,1689.70,1691.80,0.00,1.41
210811,2800.00,0.36,1587.70,1589.75,1591.80,0.00,1.32
210811,2900.00,0.34,1487.70,1489.75,1491.80,0.00,1.23
210811,3000.00,0.32,1387.60,1389.70,1391.80,0.00,1.14
210811,3100.00,0.29,1287.70,1289.75,1291.80,0.00,1.05
210811,3200.00,0.27,1187.80,1189.85,1191.90,0.00,0.97
210811,3300.00,0.25,1087.90,1089.95,1092.00,0.00,0.89
210811,3350.00,0.24,1037.90,1039.95,1042.00,0.00,0.85
210811,3400.00,0.23,988.00,990.05,992.10,0.00,0.81
210811,3450.00,0.21,938.10,940.10,942.10,0.00,0.77
210811,3500.00,0.20,888.10,890.15,892.20,0.00,0.73
210811,3525.00,0.20,863.10,865.15,867.20,0.00,0.71
210811,3550.00,0.19,838.10,840.15,842.20,0.00,0.69
210811,3575.00,0.19,813.20,815.20,817.20,0.00,0.68
210811,3600.00,0.18,788.20,790.25,792.30,0.00,0.66
210811,3625.00,0.17,763.30,765.30,767.30,0.00,0.64
210811,3650.00,0.17,738.30,740.30,742.30,0.00,0.62
210811,3675.00,0.16,713.30,715.35,717.40,0.00,0.60
210811,3700.00,0.16,688.40,690.40,692.40,0.00,0.58
210811,3725.00,0.15,663.40,665.40,667.40,0.00,0.56
210811,3750.00,0.15,638.40,640.40,642.40,0.00,0.54
210811,3775.00,0.14,613.50,615.50,617.50,642.17,0.53
210811,3800.00,0.13,588.50,590.50,592.50,617.00,0.51
210811,3825.00,0.13,563.60,565.55,567.50,0.00,0.49
210811,3850.00,0.12,538.60,540.60,542.60,0.00,0.47
210811,3875.00,0.12,513.70,515.65,517.60,0.00,0.45
210811,3900.00,0.11,488.70,490.70,492.70,0.00,0.43
210811,3925.00,0.11,463.80,465.80,467.80,0.00,0.42
210811,3950.00,0.10,438.90,440.90,442.90,0.00,0.40
210811,3975.00,0.09,414.10,416.05,418.00,0.00,0.38
210811,4000.00,0.09,389.20,391.15,393.10,0.00,0.36
210811,4025.00,0.08,364.40,366.35,368.30,0.00,0.34
210811,4050.00,0.08,339.60,341.55,343.50,355.57,0.33
210811,4075.00,0.07,314.90,316.85,318.80,0.00,0.31
210811,4100.00,0.07,290.30,292.25,294.20,300.07,0.30
210811,4125.00,0.06,265.80,267.70,269.60,0.00,0.28
210811,4150.00,0.05,241.50,243.40,245.30,0.00,0.26
210811,4175.00,0.05,217.30,219.10,220.90,230.85,0.25
210811,4200.00,0.04,193.40,195.15,196.90,211.13,0.23
210811,4225.00,0.04,171.30,171.55,171.80,188.40,0.22
210811,4250.00,0.03,148.00,148.30,148.60,160.55,0.21
210811,4275.00,0.03,125.20,125.50,125.80,56.60,0.19
210811,4300.00,0.02,103.10,103.35,103.60,109.11,0.18
210811,4325.00,0.01,81.70,82.00,82.30,114.20,0.17
210811,4350.00,0.01,61.60,61.90,62.20,65.86,0.15
210811,4375.00,0.00,43.10,43.35,43.60,42.99,0.14
210811,4400.00,0.00,27.20,27.45,27.70,26.09,0.12
210811,4425.00,-0.01,14.90,15.10,15.30,14.10,0.11
210811,4450.00,-0.01,6.70,6.90,7.10,6.87,0.10
210811,4475.00,-0.02,2.55,2.68,2.80,3.22,0.09
210811,4500.00,-0.03,0.90,1.00,1.10,0.97,0.09
210811,4525.00,-0.03,0.35,0.43,0.50,0.57,0.09
210811,4550.00,-0.04,0.15,0.22,0.30,0.35,0.10
210811,4575.00,-0.04,0.10,0.15,0.20,0.45,0.11
210811,4600.00,-0.05,0.05,0.10,0.15,0.50,0.11
210811,4625.00,-0.05,0.05,0.08,0.10,0.35,0.12
210811,4650.00,-0.06,0.05,0.08,0.10,0.05,0.13
210811,4675.00,-0.07,0.05,0.08,0.10,0.11,0.00
210811,4700.00,-0.07,0.05,0.08,0.10,0.05,0.15
210811,4725.00,-0.08,0.05,0.08,0.10,0.05,0.16
210811,4750.00,-0.08,0.05,0.08,0.10,0.05,0.17
210811,4775.00,-0.09,0.05,0.05,0.05,0.05,0.18
210811,4800.00,-0.09,0.05,0.05,0.05,0.05,0.00
210811,4825.00,-0.10,0.00,0.03,0.05,0.00,0.00
210811,4850.00,-0.11,0.05,0.05,0.05,0.05,0.00
210811,4900.00,-0.12,0.05,0.05,0.05,0.05,0.00
210811,5000.00,-0.14,0.00,0.03,0.05,0.05,0.00
210811,5100.00,-0.16,0.00,0.03,0.05,0.00,0.00
210811,5200.00,-0.19,0.00,0.03,0.05,0.00,0.00
210811,5300.00,-0.21,0.00,0.03,0.05,0.00,0.00
210811,5400.00,-0.23,0.00,0.03,0.05,0.00,0.00
210811,5500.00,-0.25,0.00,0.03,0.05,0.00,0.00
210811,5600.00,-0.28,0.00,0.03,0.05,0.00,0.00
210811,5700.00,-0.30,0.00,0.03,0.05,0.00,0.00
210811,5800.00,-0.32,0.00,0.03,0.05,0.00,0.00
210811,6000.00,-0.37,0.00,0.03,0.05,0.00,0.00
210811,6200.00,-0.41,0.00,0.03,0.05,0.00,0.00
210813,1200.00,0.73,3186.10,3188.10,3190.10,0.00,3.02
210813,1400.00,0.68,2986.10,2988.20,2990.30,0.00,2.69
210813,1600.00,0.64,2786.20,2788.25,2790.30,0.00,2.39
210813,1800.00,0.59,2586.20,2588.20,2590.20,0.00,2.13
210813,1900.00,0.57,2486.20,2488.30,2490.40,0.00,2.01
210813,2000.00,0.54,2386.30,2388.35,2390.40,0.00,1.90
210813,2100.00,0.52,2286.30,2288.35,2290.40,0.00,1.79
210813,2200.00,0.50,2186.20,2188.25,2190.30,0.00,1.68
210813,2300.00,0.48,2086.30,2088.30,2090.30,0.00,1.58
210813,2400.00,0.45,1986.30,1988.40,1990.50,0.00,1.49
210813,2500.00,0.43,1886.30,1888.40,1890.50,0.00,1.40
210813,2600.00,0.41,1786.40,1788.45,1790.50,0.00,1.32
210813,2700.00,0.38,1686.30,1688.40,1690.50,0.00,1.23
210813,2800.00,0.36,1586.40,1588.45,1590.50,0.00,1.15
210813,2900.00,0.34,1486.40,1488.45,1490.50,0.00,1.07
210813,3000.00,0.32,1386.50,1388.55,1390.60,0.00,0.99
210813,3100.00,0.29,1286.60,1288.50,1290.40,1321.73,0.91
210813,3200.00,0.27,1186.70,1188.65,1190.60,0.00,0.84
210813,3300.00,0.25,1086.80,1088.80,1090.80,0.00,0.78
210813,3350.00,0.24,1036.90,1038.80,1040.70,0.00,0.74
210813,3400.00,0.23,987.00,988.95,990.90,0.00,0.71
210813,3450.00,0.21,937.00,939.00,941.00,0.00,0.68
210813,3500.00,0.20,887.10,889.00,890.90,817.00,0.64
210813,3525.00,0.20,862.20,864.05,865.90,0.00,0.62
210813,3550.00,0.19,837.20,839.20,841.20,0.00,0.61
210813,3575.00,0.19,812.20,814.10,816.00,0.00,0.59
210813,3600.00,0.18,787.30,789.20,791.10,752.66,0.58
210813,3625.00,0.17,762.30,764.15,766.00,0.00,0.56
210813,3650.00,0.17,737.40,739.35,741.30,754.92,0.55
210813,3675.00,0.16,712.40,714.25,716.10,0.00,0.53
210813,3700.00,0.16,687.50,689.40,691.30,705.09,0.51
210813,3725.00,0.15,662.50,664.45,666.40,640.14,0.50
210813,3750.00,0.15,637.60,639.50,641.40,648.57,0.48
210813,3775.00,0.14,612.70,614.60,616.50,0.00,0.46
210813,3800.00,0.13,587.80,589.70,591.60,551.24,0.45
210813,3825.00,0.13,562.90,564.80,566.70,0.00,0.43
210813,3850.00,0.12,538.00,539.90,541.80,506.53,0.42
210813,3875.00,0.12,513.10,515.00,516.90,0.00,0.40
210813,3900.00,0.11,488.30,490.15,492.00,0.00,0.39
210813,3925.00,0.11,463.50,465.40,467.30,0.00,0.37
210813,3950.00,0.10,438.70,440.65,442.60,0.00,0.36
210813,3975.00,0.09,413.90,415.80,417.70,398.84,0.34
210813,4000.00,0.09,389.20,391.10,393.00,363.30,0.33
210813,4025.00,0.08,364.60,366.50,368.40,346.90,0.32
210813,4050.00,0.08,340.00,341.85,343.70,365.16,0.30
210813,4075.00,0.07,315.60,317.40,319.20,270.81,0.29
210813,4100.00,0.07,291.20,293.10,295.00,316.98,0.28
210813,4125.00,0.06,267.00,268.75,270.50,0.00,0.26
210813,4150.00,0.05,243.00,244.70,246.40,278.98,0.25
210813,4175.00,0.05,219.30,220.95,222.60,178.08,0.24
210813,4200.00,0.04,197.10,197.35,197.60,231.08,0.23
210813,4225.00,0.04,173.80,174.10,174.40,193.48,0.22
210813,4250.00,0.03,150.90,151.20,151.50,158.36,0.20
210813,4275.00,0.03,128.40,128.70,129.00,130.20,0.19
210813,4300.00,0.02,106.60,106.90,107.20,106.57,0.18
210813,4325.00,0.01,85.60,85.90,86.20,89.29,0.17
210813,4350.00,0.01,65.80,66.05,66.30,64.52,0.15
210813,4375.00,0.00,47.50,47.75,48.00,45.73,0.14
210813,4400.00,0.00,31.50,31.75,32.00,31.75,0.13
210813,4425.00,-0.01,18.70,18.85,19.00,17.74,0.12
210813,4450.00,-0.01,9.60,9.80,10.00,9.90,0.11
210813,4475.00,-0.02,4.30,4.45,4.60,4.36,0.10
210813,4500.00,-0.03,1.80,1.88,1.95,1.82,0.09
210813,4525.00,-0.03,0.75,0.83,0.90,0.75,0.09
210813,4550.00,-0.04,0.35,0.43,0.50,0.35,0.10
210813,4575.00,-0.04,0.20,0.25,0.30,0.30,0.11
210813,4600.00,-0.05,0.10,0.18,0.25,0.23,0.11
210813,4625.00,-0.05,0.05,0.10,0.15,0.61,0.11
210813,4650.00,-0.06,0.05,0.10,0.15,0.15,0.13
210813,4675.00,-0.07,0.05,0.08,0.10,0.11,0.13
210813,4700.00,-0.07,0.05,0.08,0.10,0.07,0.14
210813,4725.00,-0.08,0.05,0.08,0.10,0.07,0.15
210813,4750.00,-0.08,0.05,0.08,0.10,0.05,0.15
210813,4775.00,-0.09,0.05,0.08,0.10,0.05,0.16
210813,4800.00,-0.09,0.05,0.08,0.10,0.05,0.00
210813,4825.00,-0.10,0.05,0.08,0.10,0.05,0.00
210813,4850.00,-0.11,0.05,0.08,0.10,0.05,0.00
210813,4900.00,-0.12,0.05,0.05,0.05,0.05,0.00
210813,5000.00,-0.14,0.05,0.05,0.05,0.07,0.00
210813,5100.00,-0.16,0.05,0.05,0.05,0.05,0.00
210813,5200.00,-0.19,0.05,0.05,0.05,0.00,0.00
210813,5300.00,-0.21,0.00,0.03,0.05,0.00,0.00
210813,5400.00,-0.23,0.00,0.03,0.05,0.00,0.00
210813,5500.00,-0.25,0.00,0.03,0.05,0.00,0.00
210813,5600.00,-0.28,0.00,0.03,0.05,0.00,0.00
210813,5700.00,-0.30,0.00,0.03,0.05,0.00,0.00
210813,5800.00,-0.32,0.00,0.03,0.05,0.00,0.00
210813,6000.00,-0.37,0.00,0.03,0.05,0.00,0.00
210813,6200.00,-0.41,0.00,0.03,0.05,0.00,0.00
210816,1200.00,0.73,3185.90,3188.00,3190.10,0.00,2.72
210816,1400.00,0.68,2986.00,2988.05,2990.10,0.00,2.41
210816,1600.00,0.64,2786.00,2788.10,2790.20,0.00,2.15
210816,1800.00,0.59,2586.00,2588.10,2590.20,0.00,1.91
210816,1900.00,0.57,2486.10,2488.15,2490.20,0.00,1.81
210816,2000.00,0.54,2386.10,2388.15,2390.20,0.00,1.70
210816,2100.00,0.52,2286.00,2288.10,2290.20,0.00,1.60
210816,2200.00,0.50,2186.10,2188.20,2190.30,0.00,1.51
210816,2300.00,0.48,2086.10,2088.20,2090.30,0.00,1.42
210816,2400.00,0.45,1986.10,1988.15,1990.20,0.00,1.34
210816,2500.00,0.43,1886.20,1888.25,1890.30,0.00,1.26
210816,2600.00,0.41,1786.10,1788.20,1790.30,0.00,1.18
210816,2700.00,0.38,1686.20,1688.25,1690.30,0.00,1.10
210816,2800.00,0.36,1586.20,1588.30,1590.40,0.00,1.03
210816,2900.00,0.34,1486.30,1488.35,1490.40,0.00,0.96
210816,3000.00,0.32,1386.40,1388.45,1390.50,0.00,0.89
210816,3100.00,0.29,1286.50,1288.55,1290.60,0.00,0.83
210816,3200.00,0.27,1186.60,1188.65,1190.70,0.00,0.76
210816,3300.00,0.25,1086.80,1088.85,1090.90,0.00,0.70
210816,3350.00,0.24,1036.80,1038.85,1040.90,0.00,0.67
210816,3400.00,0.23,986.90,988.95,991.00,0.00,0.64
210816,3450.00,0.21,937.00,939.05,941.10,0.00,0.61
210816,3500.00,0.20,887.10,889.15,891.20,0.00,0.58
210816,3525.00,0.20,862.10,864.15,866.20,0.00,0.57
210816,3550.00,0.19,837.20,839.25,841.30,0.00,0.55
210816,3575.00,0.19,812.20,814.25,816.30,0.00,0.54
210816,3600.00,0.18,787.30,789.35,791.40,0.00,0.52
210816,3625.00,0.17,762.30,764.35,766.40,0.00,0.51
210816,3650.00,0.17,737.40,739.45,741.50,0.00,0.49
210816,3675.00,0.16,712.50,714.50,716.50,0.00,0.48
210816,3700.00,0.16,687.50,689.55,691.60,0.00,0.46
210816,3725.00,0.15,662.60,664.65,666.70,0.00,0.45
210816,3750.00,0.15,637.70,639.75,641.80,0.00,0.44
210816,3775.00,0.14,612.80,614.85,616.90,0.00,0.42
210816,3800.00,0.13,588.00,590.00,592.00,544.15,0.41
210816,3825.00,0.13,563.10,565.10,567.10,0.00,0.40
210816,3850.00,0.12,538.30,540.30,542.30,0.00,0.38
210816,3875.00,0.12,513.40,515.40,517.40,0.00,0.37
210816,3900.00,0.11,488.70,490.65,492.60,378.07,0.36
210816,3925.00,0.11,463.90,465.85,467.80,0.00,0.34
210816,3950.00,0.10,439.20,441.15,443.10,0.00,0.33
210816,3975.00,0.09,414.50,416.45,418.40,0.00,0.32
210816,4000.00,0.09,389.90,391.80,393.70,390.04,0.30
210816,4025.00,0.08,365.40,367.30,369.20,0.00,0.29
210816,4050.00,0.08,341.00,342.90,344.80,0.00,0.28
210816,4075.00,0.07,316.60,318.45,320.30,0.00,0.27
210816,4100.00,0.07,292.40,294.30,296.20,0.00,0.26
210816,4125.00,0.06,268.40,270.15,271.90,0.00,0.25
210816,4150.00,0.05,244.50,246.25,248.00,258.90,0.24
210816,4175.00,0.05,222.30,222.65,223.00,0.00,0.22
210816,4200.00,0.04,198.90,199.25,199.60,214.10,0.21
210816,4225.00,0.04,175.80,176.15,176.50,187.00,0.20
210816,4250.00,0.03,153.10,153.50,153.90,151.47,0.19
210816,4275.00,0.03,130.90,131.30,131.70,135.59,0.18
210816,4300.00,0.02,109.40,109.75,110.10,114.74,0.17
210816,4325.00,0.01,88.60,88.95,89.30,90.90,0.16
210816,4350.00,0.01,68.80,69.15,69.50,73.77,0.15
210816,4375.00,0.00,50.70,51.00,51.30,49.40,0.13
210816,4400.00,0.00,34.60,34.95,35.30,34.30,0.12
210816,4425.00,-0.01,21.50,21.75,22.00,20.58,0.11
210816,4450.00,-0.01,11.80,12.05,12.30,15.80,0.10
210816,4475.00,-0.02,5.80,6.00,6.20,5.70,0.10
210816,4500.00,-0.03,2.65,2.75,2.85,3.60,0.09
210816,4525.00,-0.03,1.20,1.28,1.35,1.43,0.09
210816,4550.00,-0.04,0.55,0.65,0.75,1.00,0.09
210816,4575.00,-0.04,0.30,0.38,0.45,0.50,0.10
210816,4600.00,-0.05,0.15,0.22,0.30,0.45,0.10
210816,4625.00,-0.05,0.10,0.18,0.25,0.96,0.11
210816,4650.00,-0.06,0.05,0.13,0.20,0.20,0.12
210816,4675.00,-0.07,0.05,0.10,0.15,0.20,0.12
210816,4700.00,-0.07,0.05,0.10,0.15,0.17,0.13
210816,4725.00,-0.08,0.05,0.08,0.10,0.30,0.13
210816,4750.00,-0.08,0.05,0.08,0.10,0.21,0.00
210816,4775.00,-0.09,0.05,0.08,0.10,0.00,0.00
210816,4800.00,-0.09,0.05,0.08,0.10,0.10,0.00
210816,4825.00,-0.10,0.00,0.05,0.10,0.00,0.00
210816,4850.00,-0.11,0.05,0.08,0.10,0.05,0.00
210816,4900.00,-0.12,0.05,0.05,0.05,0.05,0.00
210816,5000.00,-0.14,0.00,0.03,0.05,0.00,0.00
210816,5100.00,-0.16,0.00,0.03,0.05,0.00,0.00
210816,5200.00,-0.19,0.00,0.03,0.05,0.00,0.00
210816,5300.00,-0.21,0.00,0.03,0.05,0.00,0.00
210816,5400.00,-0.23,0.00,0.03,0.05,0.00,0.00
210816,5500.00,-0.25,0.00,0.03,0.05,0.00,0.00
210816,5600.00,-0.28,0.00,0.03,0.05,0.00,0.00
210816,5700.00,-0.30,0.00,0.03,0.05,0.00,0.00
210816,5800.00,-0.32,0.00,0.03,0.05,0.00,0.00
210816,6000.00,-0.37,0.00,0.03,0.05,0.00,0.00
210816,6200.00,-0.41,0.00,0.03,0.05,0.00,0.00
210820,1200.00,0.73,3185.90,3188.00,3190.10,0.00,2.72
210820,1400.00,0.68,2986.00,2988.05,2990.10,0.00,2.41
210820,1600.00,0.64,2786.00,2788.10,2790.20,0.00,2.15
210820,1800.00,0.59,2586.00,2588.10,2590.20,0.00,1.91
210820,1900.00,0.57,2486.10,2488.15,2490.20,0.00,1.81
210820,2000.00,0.54,2386.10,2388.15,2390.20,0.00,1.70
210820,2100.00,0.52,2286.00,2288.10,2290.20,0.00,1.60
210820,2200.00,0.50,2186.10,2188.20,2190.30,0.00,1.51
210820,2300.00,0.48,2086.10,2088.20,2090.30,0.00,1.42
210820,2400.00,0.45,1986.10,1988.15,1990.20,0.00,1.34
210820,2500.00,0.43,1886.20,1888.25,1890.30,0.00,1.26
210820,2600.00,0.41,1786.10,1788.20,1790.30,0.00,1.18
210820,2700.00,0.38,1686.20,1688.25,1690.30,0.00,1.10
210820,2800.00,0.36,1586.20,1588.30,1590.40,0.00,1.03
210820,2900.00,0.34,1486.30,1488.35,1490.40,0.00,0.96
210820,3000.00,0.32,1386.40,1388.45,1390.50,0.00,0.89
210820,3100.00,0.29,1286.50,1288.55,1290.60,0.00,0.83
210820,3200.00,0.27,1186.60,1188.65,1190.70,0.00,0.76
210820,3300.00,0.25,1086.80,1088.85,1090.90,0.00,0.70
210820,3350.00,0.24,1036.80,1038.85,1040.90,0.00,0.67
210820,3400.00,0.23,986.90,988.95,991.00,0.00,0.64
210820,3450.00,0.21,937.00,939.05,941.10,0.00,0.61
210820,3500.00,0.20,887.10,889.15,891.20,0.00,0.58
210820,3525.00,0.20,862.10,864.15,866.20,0.00,0.57
210820,3550.00,0.19,837.20,839.25,841.30,0.00,0.55
210820,3575.00,0.19,812.20,814.25,816.30,0.00,0.54
210820,3600.00,0.18,787.30,789.35,791.40,0.00,0.52
210820,3625.00,0.17,762.30,764.35,766.40,0.00,0.51
210820,3650.00,0.17,737.40,739.45,741.50,0.00,0.49
210820,3675.00,0.16,712.50,714.50,716.50,0.00,0.48
210820,3700.00,0.16,687.50,689.55,691.60,0.00,0.46
210820,3725.00,0.15,662.60,664.65,666.70,0.00,0.45
210820,3750.00,0.15,637.70,639.75,641.80,0.00,0.44
210820,3775.00,0.14,612.80,614.85,616.90,0.00,0.42
210820,3800.00,0.13,588.00,590.00,592.00,544.15,0.41
210820,3825.00,0.13,563.10,565.10,567.10,0.00,0.40
210820,3850.00,0.12,538.30,540.30,542.30,0.00,0.38
210820,3875.00,0.12,513.40,515.40,517.40,0.00,0.37
210820,3900.00,0.11,488.70,490.65,492.60,378.07,0.36
210820,3925.00,0.11,463.90,465.85,467.80,0.00,0.34
210820,3950.00,0.10,439.20,441.15,443.10,0.00,0.33
210820,3975.00,0.09,414.50,416.45,418.40,0.00,0.32
210820,4000.00,0.09,389.90,391.80,393.70,390.04,0.30
210820,4025.00,0.08,365.40,367.30,369.20,0.00,0.29
210820,4050.00,0.08,341.00,342.90,344.80,0.00,0.28
210820,4075.00,0.07,316.60,318.45,320.30,0.00,0.27
210820,4100.00,0.07,292.40,294.30,296.20,0.00,0.26
210820,4125.00,0.06,268.40,270.15,271.90,0.00,0.25
210820,4150.00,0.05,244.50,246.25,248.00,258.90,0.24
210820,4175.00,0.05,222.30,222.65,223.00,0.00,0.22
210820,4200.00,0.04,198.90,199.25,199.60,214.10,0.21
210820,4225.00,0.04,175.80,176.15,176.50,187.00,0.20
210820,4250.00,0.03,153.10,153.50,153.90,151.47,0.19
210820,4275.00,0.03,130.90,131.30,131.70,135.59,0.18
210820,4300.00,0.02,109.40,109.75,110.10,114.74,0.17
210820,4325.00,0.01,88.60,88.95,89.30,90.90,0.16
210820,4350.00,0.01,68.80,69.15,69.50,73.77,0.15
210820,4375.00,0.00,50.70,51.00,51.30,49.40,0.13
210820,4400.00,0.00,34.60,34.95,35.30,34.30,0.12
210820,4425.00,-0.01,21.50,21.75,22.00,20.58,0.11
210820,4450.00,-0.01,11.80,12.05,12.30,15.80,0.10
210820,4475.00,-0.02,5.80,6.00,6.20,5.70,0.10
210820,4500.00,-0.03,2.65,2.75,2.85,3.60,0.09
210820,4525.00,-0.03,1.20,1.28,1.35,1.43,0.09
210820,4550.00,-0.04,0.55,0.65,0.75,1.00,0.09
210820,4575.00,-0.04,0.30,0.38,0.45,0.50,0.10
210820,4600.00,-0.05,0.15,0.22,0.30,0.45,0.10
210820,4625.00,-0.05,0.10,0.18,0.25,0.96,0.11
210820,4650.00,-0.06,0.05,0.13,0.20,0.20,0.12
210820,4675.00,-0.07,0.05,0.10,0.15,0.20,0.12
210820,4700.00,-0.07,0.05,0.10,0.15,0.17,0.13
210820,4725.00,-0.08,0.05,0.08,0.10,0.30,0.13
210820,4750.00,-0.08,0.05,0.08,0.10,0.21,0.00
210820,4775.00,-0.09,0.05,0.08,0.10,0.00,0.00
210820,4800.00,-0.09,0.05,0.08,0.10,0.10,0.00
210820,4825.00,-0.10,0.00,0.05,0.10,0.00,0.00
210820,4850.00,-0.11,0.05,0.08,0.10,0.05,0.00
210820,4900.00,-0.12,0.05,0.05,0.05,0.05,0.00
210820,5000.00,-0.14,0.00,0.03,0.05,0.00,0.00
210820,5100.00,-0.16,0.00,0.03,0.05,0.00,0.00
210820,5200.00,-0.19,0.00,0.03,0.05,0.00,0.00
210820,5300.00,-0.21,0.00,0.03,0.05,0.00,0.00
210820,5400.00,-0.23,0.00,0.03,0.05,0.00,0.00
210820,5500.00,-0.25,0.00,0.03,0.05,0.00,0.00
210820,5600.00,-0.28,0.00,0.03,0.05,0.00,0.00
210820,5700.00,-0.30,0.00,0.03,0.05,0.00,0.00
210820,5800.00,-0.32,0.00,0.03,0.05,0.00,0.00
210820,6000.00,-0.37,0.00,0.03,0.05,0.00,0.00
210820,6200.00,-0.41,0.00,0.03,0.05,0.00,0.00
210823,1200.00,0.73,3184.00,3186.10,3188.20,0.00,2.13
210823,1400.00,0.68,2984.00,2986.10,2988.20,0.00,1.89
210823,1600.00,0.64,2784.10,2786.20,2788.30,0.00,1.69
210823,1800.00,0.59,2584.10,2586.20,2588.30,0.00,1.50
210823,1900.00,0.57,2484.20,2486.25,2488.30,0.00,1.42
210823,2000.00,0.54,2384.20,2386.30,2388.40,0.00,1.34
210823,2100.00,0.52,2284.20,2286.30,2288.40,0.00,1.26
210823,2200.00,0.50,2184.20,2186.25,2188.30,0.00,1.18
210823,2300.00,0.48,2084.30,2086.35,2088.40,0.00,1.12
210823,2400.00,0.45,1984.30,1986.35,1988.40,0.00,1.05
210823,2500.00,0.43,1884.40,1886.45,1888.50,0.00,0.99
210823,2600.00,0.41,1784.50,1786.55,1788.60,0.00,0.93
210823,2700.00,0.38,1684.60,1686.65,1688.70,0.00,0.87
210823,2800.00,0.36,1584.70,1586.80,1588.90,0.00,0.82
210823,2900.00,0.34,1484.80,1486.90,1489.00,0.00,0.77
210823,3000.00,0.32,1385.00,1387.05,1389.10,0.00,0.72
210823,3100.00,0.29,1285.10,1287.10,1289.10,0.00,0.66
210823,3200.00,0.27,1185.30,1187.35,1189.40,0.00,0.61
210823,3300.00,0.25,1085.50,1087.55,1089.60,0.00,0.57
210823,3350.00,0.24,1035.70,1037.70,1039.70,0.00,0.54
210823,3400.00,0.23,985.80,987.85,989.90,0.00,0.52
210823,3450.00,0.21,936.00,938.00,940.00,0.00,0.50
210823,3500.00,0.20,886.10,888.15,890.20,0.00,0.47
210823,3525.00,0.20,861.20,863.25,865.30,0.00,0.46
210823,3550.00,0.19,836.40,838.40,840.40,0.00,0.45
210823,3575.00,0.19,811.50,813.50,815.50,0.00,0.44
210823,3600.00,0.18,786.60,788.65,790.70,795.99,0.43
210823,3625.00,0.17,761.80,763.80,765.80,0.00,0.42
210823,3650.00,0.17,736.90,738.90,740.90,0.00,0.41
210823,3675.00,0.16,712.10,714.10,716.10,0.00,0.40
210823,3700.00,0.16,687.30,689.30,691.30,0.00,0.39
210823,3725.00,0.15,662.50,664.50,666.50,0.00,0.38
210823,3750.00,0.15,637.70,639.75,641.80,0.00,0.37
210823,3775.00,0.14,613.00,615.05,617.10,0.00,0.36
210823,3800.00,0.13,588.30,590.30,592.30,0.00,0.35
210823,3825.00,0.13,563.60,565.65,567.70,0.00,0.34
210823,3850.00,0.12,539.00,541.00,543.00,0.00,0.33
210823,3875.00,0.12,514.40,516.40,518.40,0.00,0.32
210823,3900.00,0.11,489.90,491.85,493.80,0.00,0.31
210823,3925.00,0.11,465.40,467.35,469.30,0.00,0.30
210823,3950.00,0.10,441.10,443.05,445.00,0.00,0.29
210823,3975.00,0.09,416.80,418.70,420.60,0.00,0.28
210823,4000.00,0.09,392.60,394.50,396.40,0.00,0.28
210823,4025.00,0.08,368.50,370.40,372.30,0.00,0.27
210823,4050.00,0.08,344.60,346.45,348.30,346.10,0.26
210823,4075.00,0.07,320.70,322.60,324.50,0.00,0.25
210823,4100.00,0.07,298.50,298.95,299.40,0.00,0.24
210823,4125.00,0.06,275.10,275.55,276.00,0.00,0.23
210823,4150.00,0.05,251.80,252.30,252.80,0.00,0.22
210823,4175.00,0.05,228.90,229.40,229.90,0.00,0.21
210823,4200.00,0.04,206.20,206.70,207.20,226.76,0.21
210823,4225.00,0.04,183.80,184.35,184.90,0.00,0.20
210823,4250.00,0.03,161.90,162.40,162.90,167.19,0.19
210823,4275.00,0.03,140.40,140.90,141.40,150.09,0.18
210823,4300.00,0.02,119.40,119.95,120.50,117.72,0.17
210823,4325.00,0.01,99.20,99.70,100.20,98.52,0.16
210823,4350.00,0.01,79.90,80.40,80.90,78.00,0.15
210823,4375.00,0.00,62.00,62.45,62.90,69.95,0.14
210823,4400.00,0.00,45.90,46.25,46.60,44.52,0.13
210823,4425.00,-0.01,31.90,32.15,32.40,31.50,0.12
210823,4450.00,-0.01,20.60,20.90,21.20,20.04,0.11
210823,4475.00,-0.02,12.50,12.70,12.90,12.40,0.10
210823,4500.00,-0.03,7.00,7.20,7.40,7.61,0.10
210823,4525.00,-0.03,3.90,4.05,4.20,5.30,0.10
210823,4550.00,-0.04,2.15,2.25,2.35,2.51,0.10
210823,4575.00,-0.04,1.20,1.30,1.40,1.67,0.10
210823,4600.00,-0.05,0.75,0.83,0.90,1.17,0.10
210823,4625.00,-0.05,0.45,0.55,0.65,0.80,0.10
210823,4650.00,-0.06,0.30,0.38,0.45,0.45,0.11
210823,4675.00,-0.07,0.20,0.28,0.35,0.61,0.11
210823,4700.00,-0.07,0.15,0.20,0.25,0.00,0.11
210823,4725.00,-0.08,0.10,0.15,0.20,0.00,0.12
210823,4750.00,-0.08,0.05,0.13,0.20,0.25,0.12
210823,4775.00,-0.09,0.05,0.10,0.15,0.30,0.13
210823,4800.00,-0.09,0.05,0.10,0.15,0.21,0.13
210823,4825.00,-0.10,0.05,0.10,0.15,0.00,0.14
210823,4850.00,-0.11,0.05,0.08,0.10,0.15,0.14
210823,4900.00,-0.12,0.05,0.08,0.10,0.00,0.16
210823,5000.00,-0.14,0.00,0.03,0.05,0.05,0.18
210823,5100.00,-0.16,0.00,0.05,0.10,0.00,0.00
210823,5200.00,-0.19,0.00,0.03,0.05,0.00,0.00
210823,5300.00,-0.21,0.00,0.03,0.05,0.00,0.00
210823,5400.00,-0.23,0.00,0.03,0.05,0.00,0.00
210823,5500.00,-0.25,0.00,0.03,0.05,0.00,0.00
210823,5600.00,-0.28,0.00,0.03,0.05,0.00,0.00
210823,5700.00,-0.30,0.00,0.03,0.05,0.00,0.00
210823,5800.00,-0.32,0.00,0.03,0.05,0.00,0.00
210823,6000.00,-0.37,0.00,0.03,0.05,0.00,0.00
210823,6200.00,-0.41,0.00,0.03,0.05,0.00,0.00
210825,1200.00,0.73,3183.90,3185.95,3188.00,0.00,2.06
210825,1400.00,0.68,2983.90,2986.00,2988.10,0.00,1.82
210825,1600.00,0.64,2784.00,2786.05,2788.10,0.00,1.62
210825,1800.00,0.59,2584.00,2586.10,2588.20,0.00,1.45
210825,1900.00,0.57,2484.10,2486.15,2488.20,0.00,1.37
210825,2000.00,0.54,2384.10,2386.15,2388.20,0.00,1.29
210825,2100.00,0.52,2284.10,2286.20,2288.30,0.00,1.22
210825,2200.00,0.50,2184.20,2186.25,2188.30,0.00,1.15
210825,2300.00,0.48,2084.20,2086.30,2088.40,0.00,1.08
210825,2400.00,0.45,1984.30,1986.40,1988.50,0.00,1.02
210825,2500.00,0.43,1884.40,1886.50,1888.60,0.00,0.96
210825,2600.00,0.41,1784.50,1786.60,1788.70,0.00,0.91
210825,2700.00,0.38,1684.60,1686.70,1688.80,0.00,0.85
210825,2800.00,0.36,1584.80,1586.85,1588.90,0.00,0.80
210825,2900.00,0.34,1484.90,1486.95,1489.00,0.00,0.74
210825,3000.00,0.32,1385.10,1387.15,1389.20,0.00,0.70
210825,3100.00,0.29,1285.20,1287.25,1289.30,0.00,0.64
210825,3200.00,0.27,1185.50,1187.50,1189.50,0.00,0.60
210825,3300.00,0.25,1085.70,1087.75,1089.80,0.00,0.55
210825,3350.00,0.24,1035.90,1037.90,1039.90,0.00,0.53
210825,3400.00,0.23,986.10,988.10,990.10,0.00,0.51
210825,3450.00,0.21,936.30,938.35,940.40,0.00,0.49
210825,3500.00,0.20,886.50,888.50,890.50,898.00,0.46
210825,3525.00,0.20,861.70,863.65,865.60,0.00,0.45
210825,3550.00,0.19,836.80,838.85,840.90,0.00,0.44
210825,3575.00,0.19,812.00,813.95,815.90,829.45,0.43
210825,3600.00,0.18,787.10,789.10,791.10,804.47,0.42
210825,3625.00,0.17,762.30,764.35,766.40,0.00,0.41
210825,3650.00,0.17,737.50,739.55,741.60,0.00,0.40
210825,3675.00,0.16,712.80,714.75,716.70,726.60,0.39
210825,3700.00,0.16,688.00,690.00,692.00,700.32,0.38
210825,3725.00,0.15,663.30,665.25,667.20,0.00,0.37
210825,3750.00,0.15,638.60,640.55,642.50,651.19,0.36
210825,3775.00,0.14,613.90,615.85,617.80,0.00,0.36
210825,3800.00,0.13,589.30,591.25,593.20,618.00,0.35
210825,3825.00,0.13,564.70,566.65,568.60,0.00,0.34
210825,3850.00,0.12,540.10,542.10,544.10,0.00,0.33
210825,3875.00,0.12,515.60,517.55,519.50,0.00,0.32
210825,3900.00,0.11,491.20,493.15,495.10,0.00,0.31
210825,3925.00,0.11,466.90,468.80,470.70,0.00,0.30
210825,3950.00,0.10,442.60,444.50,446.40,0.00,0.29
210825,3975.00,0.09,418.50,420.40,422.30,0.00,0.28
210825,4000.00,0.09,394.40,396.30,398.20,0.00,0.28
210825,4025.00,0.08,370.60,372.40,374.20,0.00,0.27
210825,4050.00,0.08,346.70,348.55,350.40,355.30,0.26
210825,4075.00,0.07,324.60,324.95,325.30,336.90,0.25
210825,4100.00,0.07,301.10,301.50,301.90,319.50,0.24
210825,4125.00,0.06,277.80,278.20,278.60,299.70,0.23
210825,4150.00,0.05,254.80,255.20,255.60,276.70,0.23
210825,4175.00,0.05,232.00,232.40,232.80,251.20,0.22
210825,4200.00,0.04,209.50,209.95,210.40,231.10,0.21
210825,4225.00,0.04,187.30,187.75,188.20,0.00,0.20
210825,4250.00,0.03,165.60,166.05,166.50,182.59,0.19
210825,4275.00,0.03,144.30,144.75,145.20,0.00,0.18
210825,4300.00,0.02,123.50,123.95,124.40,123.97,0.17
210825,4325.00,0.01,103.50,103.85,104.20,110.23,0.16
210825,4350.00,0.01,84.30,84.65,85.00,89.10,0.15
210825,4375.00,0.00,66.40,66.75,67.10,80.10,0.14
210825,4400.00,0.00,50.10,50.40,50.70,53.78,0.13
210825,4425.00,-0.01,35.80,36.10,36.40,39.42,0.12
210825,4450.00,-0.01,24.10,24.35,24.60,26.30,0.11
210825,4475.00,-0.02,15.20,15.45,15.70,15.42,0.11
210825,4500.00,-0.03,9.10,9.25,9.40,14.22,0.10
210825,4525.00,-0.03,5.20,5.40,5.60,5.63,0.10
210825,4550.00,-0.04,3.00,3.15,3.30,3.95,0.10
210825,4575.00,-0.04,1.75,1.83,1.90,4.65,0.10
210825,4600.00,-0.05,1.05,1.15,1.25,2.65,0.10
210825,4625.00,-0.05,0.70,0.77,0.85,0.00,0.10
210825,4650.00,-0.06,0.45,0.53,0.60,1.20,0.11
210825,4675.00,-0.07,0.30,0.38,0.45,0.00,0.11
210825,4700.00,-0.07,0.20,0.28,0.35,0.65,0.11
210825,4725.00,-0.08,0.15,0.22,0.30,0.00,0.12
210825,4750.00,-0.08,0.10,0.18,0.25,0.00,0.12
210825,4775.00,-0.09,0.05,0.13,0.20,0.00,0.12
210825,4800.00,-0.09,0.05,0.10,0.15,0.00,0.13
210825,4825.00,-0.10,0.05,0.10,0.15,0.00,0.13
210825,4850.00,-0.11,0.05,0.08,0.10,0.00,0.14
210825,4900.00,-0.12,0.05,0.10,0.15,0.06,0.15
210825,5000.00,-0.14,0.05,0.08,0.10,0.05,0.17
210825,5100.00,-0.16,0.00,0.05,0.10,0.00,0.00
210825,5200.00,-0.19,0.00,0.03,0.05,0.00,0.00
210825,5300.00,-0.21,0.00,0.03,0.05,0.00,0.00
210825,5400.00,-0.23,0.00,0.03,0.05,0.00,0.00
210825,5500.00,-0.25,0.00,0.03,0.05,0.00,0.00
210825,5600.00,-0.28,0.00,0.03,0.05,0.00,0.00
210825,5700.00,-0.30,0.00,0.03,0.05,0.00,0.00
210825,5800.00,-0.32,0.00,0.03,0.05,0.00,0.00
210825,6000.00,-0.37,0.00,0.03,0.05,0.00,0.00
210825,6200.00,-0.41,0.00,0.03,0.05,0.00,0.00
210827,1200.00,0.73,3183.60,3185.70,3187.80,0.00,1.98
210827,1400.00,0.68,2983.70,2985.75,2987.80,0.00,1.75
210827,1600.00,0.64,2783.70,2785.80,2787.90,0.00,1.56
210827,1800.00,0.59,2583.80,2585.90,2588.00,0.00,1.39
210827,1900.00,0.57,2483.80,2485.90,2488.00,0.00,1.31
210827,2000.00,0.54,2383.90,2385.95,2388.00,0.00,1.24
210827,2100.00,0.52,2283.90,2286.00,2288.10,0.00,1.17
210827,2200.00,0.50,2184.00,2186.10,2188.20,0.00,1.11
210827,2300.00,0.48,2084.10,2086.15,2088.20,0.00,1.05
210827,2400.00,0.45,1984.20,1986.25,1988.30,0.00,0.99
210827,2500.00,0.43,1884.30,1886.40,1888.50,0.00,0.93
210827,2600.00,0.41,1784.40,1786.50,1788.60,0.00,0.88
210827,2700.00,0.38,1684.60,1686.65,1688.70,0.00,0.82
210827,2800.00,0.36,1584.70,1586.75,1588.80,0.00,0.77
210827,2900.00,0.34,1484.90,1486.95,1489.00,0.00,0.72
210827,3000.00,0.32,1385.10,1387.15,1389.20,0.00,0.67
210827,3100.00,0.29,1285.30,1287.30,1289.30,0.00,0.63
210827,3200.00,0.27,1185.60,1187.60,1189.60,0.00,0.58
210827,3300.00,0.25,1085.90,1087.95,1090.00,0.00,0.54
210827,3350.00,0.24,1036.10,1038.10,1040.10,0.00,0.52
210827,3400.00,0.23,986.40,988.40,990.40,0.00,0.50
210827,3450.00,0.21,936.60,938.65,940.70,0.00,0.48
210827,3500.00,0.20,887.00,889.00,891.00,896.70,0.46
210827,3525.00,0.20,862.10,864.15,866.20,0.00,0.45
210827,3550.00,0.19,837.30,839.35,841.40,0.00,0.44
210827,3575.00,0.19,812.50,814.55,816.60,0.00,0.43
210827,3600.00,0.18,787.70,789.75,791.80,0.00,0.42
210827,3625.00,0.17,763.00,765.00,767.00,0.00,0.41
210827,3650.00,0.17,738.20,740.25,742.30,759.27,0.40
210827,3675.00,0.16,713.50,715.50,717.50,0.00,0.39
210827,3700.00,0.16,688.80,690.80,692.80,0.00,0.38
210827,3725.00,0.15,664.10,666.10,668.10,0.00,0.37
210827,3750.00,0.15,639.50,641.50,643.50,0.00,0.36
210827,3775.00,0.14,614.90,616.90,618.90,0.00,0.35
210827,3800.00,0.13,590.40,592.35,594.30,0.00,0.34
210827,3825.00,0.13,565.90,567.85,569.80,0.00,0.34
210827,3850.00,0.12,541.40,543.35,545.30,0.00,0.33
210827,3875.00,0.12,517.10,519.00,520.90,0.00,0.32
210827,3900.00,0.11,492.80,494.70,496.60,493.45,0.31
210827,3925.00,0.11,468.70,470.55,472.40,0.00,0.30
210827,3950.00,0.10,444.60,446.45,448.30,0.00,0.29
210827,3975.00,0.09,420.60,422.40,424.20,0.00,0.29
210827,4000.00,0.09,396.80,398.55,400.30,416.46,0.28
210827,4025.00,0.08,372.90,374.80,376.70,378.22,0.27
210827,4050.00,0.08,350.90,351.20,351.50,309.61,0.26
210827,4075.00,0.07,327.40,327.75,328.10,318.40,0.25
210827,4100.00,0.07,304.20,304.55,304.90,304.14,0.25
210827,4125.00,0.06,281.10,281.45,281.80,308.77,0.24
210827,4150.00,0.05,258.30,258.65,259.00,285.62,0.23
210827,4175.00,0.05,235.70,236.10,236.50,245.85,0.22
210827,4200.00,0.04,213.50,213.85,214.20,193.12,0.21
210827,4225.00,0.04,191.60,191.95,192.30,216.63,0.20
210827,4250.00,0.03,170.00,170.40,170.80,185.53,0.20
210827,4275.00,0.03,148.90,149.30,149.70,146.20,0.19
210827,4300.00,0.02,128.40,128.75,129.10,128.77,0.18
210827,4325.00,0.01,108.50,108.85,109.20,106.68,0.17
210827,4350.00,0.01,89.50,89.85,90.20,94.77,0.16
210827,4375.00,0.00,71.60,71.90,72.20,78.51,0.15
210827,4400.00,0.00,55.10,55.40,55.70,56.90,0.14
210827,4425.00,-0.01,40.50,40.80,41.10,40.10,0.13
210827,4450.00,-0.01,28.20,28.50,28.80,27.94,0.12
210827,4475.00,-0.02,18.50,18.80,19.10,18.03,0.11
210827,4500.00,-0.03,11.60,11.80,12.00,11.60,0.11
210827,4525.00,-0.03,7.00,7.15,7.30,6.98,0.10
210827,4550.00,-0.04,4.20,4.35,4.50,4.90,0.10
210827,4575.00,-0.04,2.50,2.63,2.75,2.55,0.10
210827,4600.00,-0.05,1.55,1.60,1.65,1.62,0.10
210827,4625.00,-0.05,1.00,1.05,1.10,1.31,0.10
210827,4650.00,-0.06,0.65,0.70,0.75,0.72,0.11
210827,4675.00,-0.07,0.45,0.53,0.60,1.40,0.11
210827,4700.00,-0.07,0.30,0.38,0.45,0.54,0.11
210827,4725.00,-0.08,0.25,0.30,0.35,0.50,0.12
210827,4750.00,-0.08,0.15,0.22,0.30,0.65,0.12
210827,4775.00,-0.09,0.10,0.18,0.25,0.27,0.12
210827,4800.00,-0.09,0.05,0.13,0.20,0.45,0.13
210827,4825.00,-0.10,0.05,0.13,0.20,0.25,0.13
210827,4850.00,-0.11,0.05,0.08,0.10,0.10,0.13
210827,4900.00,-0.12,0.05,0.10,0.15,0.07,0.15
210827,5000.00,-0.14,0.05,0.08,0.10,0.15,0.17
210827,5100.00,-0.16,0.05,0.08,0.10,0.05,0.00
210827,5200.00,-0.19,0.05,0.08,0.10,0.05,0.00
210827,5300.00,-0.21,0.05,0.05,0.05,0.00,0.00
210827,5400.00,-0.23,0.05,0.05,0.05,0.00,0.00
210827,5500.00,-0.25,0.05,0.05,0.05,0.00,0.00
210827,5600.00,-0.28,0.05,0.05,0.05,0.00,0.00
210827,5700.00,-0.30,0.05,0.05,0.05,0.00,0.00
210827,5800.00,-0.32,0.05,0.05,0.05,0.00,0.00
210827,6000.00,-0.37,0.05,0.05,0.05,0.00,0.00
210827,6200.00,-0.41,0.00,0.03,0.05,0.00,0.00
210910,1200.00,0.73,3180.90,3183.00,3185.10,0.00,1.53
210910,1400.00,0.68,2981.10,2983.15,2985.20,0.00,1.37
210910,1600.00,0.64,2781.30,2783.35,2785.40,0.00,1.23
210910,1800.00,0.59,2581.50,2583.55,2585.60,0.00,1.10
210910,1900.00,0.57,2481.60,2483.65,2485.70,0.00,1.05
210910,2000.00,0.54,2381.70,2383.75,2385.80,0.00,0.99
210910,2100.00,0.52,2281.80,2283.85,2285.90,0.00,0.94
210910,2200.00,0.50,2181.90,2183.95,2186.00,0.00,0.89
210910,2300.00,0.48,2082.10,2084.15,2086.20,0.00,0.84
210910,2400.00,0.45,1982.20,1984.30,1986.40,0.00,0.80
210910,2500.00,0.43,1882.40,1884.50,1886.60,0.00,0.75
210910,2600.00,0.41,1782.60,1784.65,1786.70,0.00,0.71
210910,2700.00,0.38,1682.90,1685.00,1687.10,0.00,0.67
210910,2800.00,0.36,1583.20,1585.30,1587.40,0.00,0.63
210910,2900.00,0.34,1483.60,1485.65,1487.70,0.00,0.60
210910,3000.00,0.32,1383.90,1386.00,1388.10,0.00,0.56
210910,3100.00,0.29,1284.50,1286.55,1288.60,0.00,0.53
210910,3200.00,0.27,1185.10,1187.15,1189.20,0.00,0.49
210910,3300.00,0.25,1085.70,1087.80,1089.90,0.00,0.46
210910,3350.00,0.24,1036.20,1038.25,1040.30,0.00,0.44
210910,3400.00,0.23,986.60,988.65,990.70,0.00,0.43
210910,3450.00,0.21,937.10,939.15,941.20,0.00,0.41
210910,3500.00,0.20,887.70,889.70,891.70,0.00,0.39
210910,3525.00,0.20,863.00,865.00,867.00,0.00,0.39
210910,3550.00,0.19,838.40,840.35,842.30,0.00,0.38
210910,3575.00,0.19,813.70,815.70,817.70,0.00,0.37
210910,3600.00,0.18,789.10,791.15,793.20,0.00,0.36
210910,3625.00,0.17,764.60,766.55,768.50,0.00,0.36
210910,3650.00,0.17,740.10,742.05,744.00,0.00,0.35
210910,3675.00,0.16,715.60,717.60,719.60,0.00,0.34
210910,3700.00,0.16,691.20,693.15,695.10,0.00,0.34
210910,3725.00,0.15,666.80,668.75,670.70,0.00,0.33
210910,3750.00,0.15,642.50,644.45,646.40,0.00,0.32
210910,3775.00,0.14,618.20,620.20,622.20,0.00,0.31
210910,3800.00,0.13,594.10,596.05,598.00,0.00,0.31
210910,3825.00,0.13,570.00,571.90,573.80,0.00,0.30
210910,3850.00,0.12,546.00,547.90,549.80,0.00,0.29
210910,3875.00,0.12,522.10,524.00,525.90,0.00,0.29
210910,3900.00,0.11,498.30,500.20,502.10,0.00,0.28
210910,3925.00,0.11,474.80,476.60,478.40,0.00,0.28
210910,3950.00,0.10,452.60,453.00,453.40,0.00,0.27
210910,3975.00,0.09,429.20,429.55,429.90,0.00,0.26
210910,4000.00,0.09,405.90,406.30,406.70,0.00,0.26
210910,4025.00,0.08,382.70,383.15,383.60,406.38,0.25
210910,4050.00,0.08,359.80,360.20,360.60,376.08,0.24
210910,4075.00,0.07,337.00,337.45,337.90,0.00,0.24
210910,4100.00,0.07,314.40,314.85,315.30,330.90,0.23
210910,4125.00,0.06,292.10,292.55,293.00,0.00,0.22
210910,4150.00,0.05,270.00,270.45,270.90,280.47,0.22
210910,4175.00,0.05,248.10,248.55,249.00,0.00,0.21
210910,4200.00,0.04,226.60,227.05,227.50,242.57,0.20
210910,4225.00,0.04,205.40,205.85,206.30,0.00,0.20
210910,4250.00,0.03,184.60,185.05,185.50,191.25,0.19
210910,4275.00,0.03,164.30,164.65,165.00,180.52,0.18
210910,4300.00,0.02,144.40,144.80,145.20,150.14,0.17
210910,4325.00,0.01,125.20,125.55,125.90,0.00,0.17
210910,4350.00,0.01,106.70,107.05,107.40,116.00,0.16
210910,4375.00,0.00,89.20,89.55,89.90,88.98,0.15
210910,4400.00,0.00,73.00,73.30,73.60,71.87,0.14
210910,4425.00,-0.01,58.10,58.40,58.70,62.80,0.14
210910,4450.00,-0.01,44.90,45.15,45.40,50.48,0.13
210910,4475.00,-0.02,33.60,33.85,34.10,36.00,0.12
210910,4500.00,-0.03,24.30,24.55,24.80,24.76,0.12
210910,4525.00,-0.03,17.20,17.40,17.60,22.96,0.11
210910,4550.00,-0.04,11.90,12.05,12.20,13.00,0.11
210910,4575.00,-0.04,8.10,8.25,8.40,10.20,0.11
210910,4600.00,-0.05,5.50,5.65,5.80,6.46,0.11
210910,4625.00,-0.05,3.80,3.95,4.10,4.60,0.11
210910,4650.00,-0.06,2.60,2.73,2.85,3.13,0.11
210910,4675.00,-0.07,1.85,1.95,2.05,2.47,0.11
210910,4700.00,-0.07,1.30,1.40,1.50,1.47,0.11
210910,4725.00,-0.08,0.95,1.05,1.15,1.19,0.11
210910,4750.00,-0.08,0.70,0.80,0.90,0.92,0.11
210910,4775.00,-0.09,0.55,0.63,0.70,0.92,0.11
210910,4800.00,-0.09,0.40,0.50,0.60,0.65,0.12
210910,4825.00,-0.10,0.35,0.43,0.50,0.95,0.12
210910,4850.00,-0.11,0.25,0.33,0.40,0.45,0.12
210910,4900.00,-0.12,0.15,0.22,0.30,0.00,0.13
210910,5000.00,-0.14,0.05,0.08,0.10,0.00,0.13
210910,5100.00,-0.16,0.05,0.08,0.10,0.00,0.15
210910,5200.00,-0.19,0.05,0.10,0.15,0.00,0.00
210910,5300.00,-0.21,0.00,0.05,0.10,0.00,0.00
210910,5400.00,-0.23,0.00,0.05,0.10,0.00,0.00
210910,5500.00,-0.25,0.00,0.05,0.10,0.00,0.00
210910,5600.00,-0.28,0.00,0.05,0.10,0.00,0.00
210910,5700.00,-0.30,0.00,0.05,0.10,0.00,0.00
210910,5800.00,-0.32,0.00,0.05,0.10,0.00,0.00
210910,6000.00,-0.37,0.00,0.03,0.05,0.00,0.00
210910,6200.00,-0.41,0.00,0.03,0.05,0.00,0.00
210917,1200.00,0.73,3179.60,3181.65,3183.70,2967.68,1.38
210917,1400.00,0.68,2978.60,2981.30,2984.00,0.00,1.19
210917,1600.00,0.64,2780.00,2782.10,2784.20,2789.30,1.12
210917,1800.00,0.59,2580.20,2582.30,2584.40,0.00,1.01
210917,1900.00,0.57,2480.40,2482.50,2484.60,0.00,0.96
210917,2000.00,0.54,2380.60,2382.65,2384.70,0.00,0.91
210917,2100.00,0.52,2280.70,2282.80,2284.90,0.00,0.86
210917,2200.00,0.50,2180.90,2182.95,2185.00,0.00,0.82
210917,2300.00,0.48,2081.10,2083.15,2085.20,1978.55,0.78
210917,2400.00,0.45,1981.30,1983.35,1985.40,1821.38,0.74
210917,2500.00,0.43,1881.60,1883.65,1885.70,0.00,0.70
210917,2600.00,0.41,1781.90,1783.95,1786.00,0.00,0.66
210917,2700.00,0.38,1682.20,1684.25,1686.30,0.00,0.63
210917,2800.00,0.36,1582.60,1584.65,1586.70,1458.90,0.59
210917,2900.00,0.34,1483.10,1485.15,1487.20,0.00,0.56
210917,3000.00,0.32,1383.50,1385.60,1387.70,1117.21,0.53
210917,3100.00,0.29,1284.20,1286.25,1288.30,0.00,0.49
210917,3200.00,0.27,1185.00,1187.05,1189.10,1008.90,0.46
210917,3300.00,0.25,1085.80,1087.85,1089.90,825.20,0.43
210917,3350.00,0.24,1036.30,1038.35,1040.40,756.90,0.42
210917,3400.00,0.23,986.90,988.95,991.00,0.00,0.40
210917,3450.00,0.21,937.50,939.55,941.60,807.30,0.39
210917,3500.00,0.20,888.30,890.30,892.30,0.00,0.38
210917,3525.00,0.20,863.70,865.75,867.80,699.50,0.37
210917,3550.00,0.19,839.10,841.15,843.20,0.00,0.36
210917,3575.00,0.19,814.60,816.65,818.70,652.80,0.36
210917,3600.00,0.18,790.10,792.15,794.20,752.75,0.35
210917,3625.00,0.17,765.70,767.75,769.80,769.61,0.34
210917,3650.00,0.17,741.30,743.35,745.40,587.80,0.34
210917,3675.00,0.16,717.00,719.00,721.00,564.60,0.33
210917,3700.00,0.16,692.80,694.80,696.80,566.70,0.32
210917,3725.00,0.15,668.60,670.60,672.60,544.00,0.32
210917,3750.00,0.15,644.40,646.40,648.40,563.20,0.31
210917,3775.00,0.14,620.40,622.40,624.40,534.40,0.30
210917,3800.00,0.13,596.50,598.45,600.40,564.00,0.30
210917,3825.00,0.13,572.60,574.55,576.50,541.80,0.29
210917,3850.00,0.12,548.80,550.75,552.70,467.40,0.29
210917,3875.00,0.12,525.20,527.15,529.10,546.04,0.28
210917,3900.00,0.11,503.10,503.35,503.60,497.27,0.27
210917,3925.00,0.11,479.70,479.95,480.20,386.45,0.27
210917,3950.00,0.10,456.40,456.65,456.90,425.35,0.26
210917,3975.00,0.09,433.20,433.50,433.80,321.62,0.26
210917,4000.00,0.09,410.20,410.50,410.80,440.18,0.25
210917,4025.00,0.08,387.40,387.65,387.90,386.15,0.25
210917,4050.00,0.08,364.70,365.00,365.30,262.72,0.24
210917,4075.00,0.07,342.30,342.55,342.80,341.05,0.23
210917,4100.00,0.07,320.00,320.25,320.50,324.52,0.23
210917,4125.00,0.06,298.00,298.25,298.50,304.82,0.22
210917,4150.00,0.05,276.20,276.45,276.70,272.14,0.22
210917,4175.00,0.05,254.60,254.90,255.20,269.21,0.21
210917,4200.00,0.04,233.40,233.65,233.90,234.20,0.20
210917,4225.00,0.04,212.50,212.75,213.00,240.35,0.20
210917,4250.00,0.03,191.90,192.20,192.50,200.85,0.19
210917,4275.00,0.03,171.80,172.10,172.40,188.62,0.18
210917,4300.00,0.02,152.30,152.55,152.80,150.60,0.18
210917,4325.00,0.01,133.30,133.55,133.80,131.80,0.17
210917,4350.00,0.01,115.10,115.35,115.60,113.52,0.16
210917,4375.00,0.00,97.80,98.05,98.30,102.50,0.15
210917,4400.00,0.00,81.50,81.75,82.00,84.84,0.15
210917,4425.00,-0.01,66.50,66.75,67.00,72.10,0.14
210917,4450.00,-0.01,53.00,53.25,53.50,58.20,0.13
210917,4475.00,-0.02,41.20,41.40,41.60,49.40,0.13
210917,4500.00,-0.03,31.20,31.40,31.60,30.87,0.12
210917,4525.00,-0.03,23.00,23.20,23.40,24.60,0.12
210917,4550.00,-0.04,16.70,16.85,17.00,20.98,0.11
210917,4575.00,-0.04,12.00,12.10,12.20,20.28,0.11
210917,4600.00,-0.05,8.50,8.65,8.80,8.63,0.11
210917,4625.00,-0.05,6.00,6.15,6.30,6.60,0.11
210917,4650.00,-0.06,4.30,4.45,4.60,4.80,0.11
210917,4675.00,-0.07,3.10,3.20,3.30,3.59,0.11
210917,4700.00,-0.07,2.30,2.38,2.45,2.55,0.11
210917,4725.00,-0.08,1.70,1.78,1.85,2.79,0.11
210917,4750.00,-0.08,1.25,1.33,1.40,1.47,0.11
210917,4775.00,-0.09,0.95,1.03,1.10,1.26,0.11
210917,4800.00,-0.09,0.75,0.80,0.85,0.94,0.11
210917,4825.00,-0.10,0.60,0.65,0.70,1.06,0.12
210917,4850.00,-0.11,0.45,0.53,0.60,0.70,0.12
210917,4900.00,-0.12,0.30,0.38,0.45,0.39,0.13
210917,5000.00,-0.14,0.15,0.20,0.25,0.30,0.14
210917,5100.00,-0.16,0.10,0.15,0.20,0.27,0.15
210917,5200.00,-0.19,0.05,0.08,0.10,0.09,0.16
210917,5300.00,-0.21,0.05,0.05,0.05,0.05,0.17
210917,5400.00,-0.23,0.05,0.08,0.10,0.44,0.00
210917,5500.00,-0.25,0.05,0.08,0.10,0.20,0.00
210917,5600.00,-0.28,0.05,0.08,0.10,0.00,0.00
210917,5700.00,-0.30,0.05,0.08,0.10,0.00,0.00
210917,5800.00,-0.32,0.05,0.08,0.10,0.00,0.00
210917,6000.00,-0.37,0.05,0.05,0.05,0.05,0.00
210917,6200.00,-0.41,0.05,0.05,0.05,0.05,0.00
210924,1200.00,0.73,3178.40,3181.25,3184.10,0.00,1.34
210924,1400.00,0.68,2978.70,2981.55,2984.40,0.00,1.21
210924,1600.00,0.64,2778.90,2781.80,2784.70,0.00,1.08
210924,1800.00,0.59,2579.20,2582.05,2584.90,0.00,0.97
210924,1900.00,0.57,2479.40,2482.25,2485.10,0.00,0.93
210924,2000.00,0.54,2379.50,2382.40,2385.30,0.00,0.88
210924,2100.00,0.52,2279.70,2282.55,2285.40,0.00,0.83
210924,2200.00,0.50,2180.00,2182.85,2185.70,0.00,0.79
210924,2300.00,0.48,2080.20,2083.05,2085.90,0.00,0.75
210924,2400.00,0.45,1980.50,1983.35,1986.20,0.00,0.71
210924,2500.00,0.43,1880.80,1883.65,1886.50,0.00,0.68
210924,2600.00,0.41,1781.20,1784.05,1786.90,0.00,0.64
210924,2700.00,0.38,1681.60,1684.45,1687.30,0.00,0.61
210924,2800.00,0.36,1582.10,1584.95,1587.80,0.00,0.57
210924,2900.00,0.34,1482.70,1485.55,1488.40,0.00,0.54
210924,3000.00,0.32,1383.40,1386.25,1389.10,0.00,0.51
210924,3100.00,0.29,1284.20,1287.00,1289.80,0.00,0.48
210924,3200.00,0.27,1185.10,1187.90,1190.70,0.00,0.45
210924,3300.00,0.25,1086.20,1089.00,1091.80,0.00,0.42
210924,3350.00,0.24,1036.80,1039.60,1042.40,0.00,0.41
210924,3400.00,0.23,987.60,990.40,993.20,0.00,0.40
210924,3450.00,0.21,938.40,941.20,944.00,0.00,0.38
210924,3500.00,0.20,889.40,892.15,894.90,0.00,0.37
210924,3525.00,0.20,864.90,867.70,870.50,0.00,0.36
210924,3550.00,0.19,840.50,843.25,846.00,0.00,0.36
210924,3575.00,0.19,816.20,818.90,821.60,0.00,0.35
210924,3600.00,0.18,791.80,794.55,797.30,0.00,0.34
210924,3625.00,0.17,767.60,770.30,773.00,0.00,0.34
210924,3650.00,0.17,743.40,746.10,748.80,0.00,0.33
210924,3675.00,0.16,719.20,721.95,724.70,0.00,0.33
210924,3700.00,0.16,695.20,697.90,700.60,0.00,0.32
210924,3725.00,0.15,671.20,673.90,676.60,0.00,0.31
210924,3750.00,0.15,647.30,649.95,652.60,0.00,0.31
210924,3775.00,0.14,623.50,626.15,628.80,0.00,0.30
210924,3800.00,0.13,599.80,602.40,605.00,0.00,0.30
210924,3825.00,0.13,576.10,578.75,581.40,0.00,0.29
210924,3850.00,0.12,552.60,555.25,557.90,0.00,0.29
210924,3875.00,0.12,531.30,531.75,532.20,0.00,0.28
210924,3900.00,0.11,508.00,508.45,508.90,0.00,0.27
210924,3925.00,0.11,484.80,485.30,485.80,0.00,0.27
210924,3950.00,0.10,461.80,462.30,462.80,0.00,0.26
210924,3975.00,0.09,438.90,439.40,439.90,0.00,0.26
210924,4000.00,0.09,416.20,416.70,417.20,0.00,0.25
210924,4025.00,0.08,393.60,394.10,394.60,0.00,0.25
210924,4050.00,0.08,371.20,371.75,372.30,397.59,0.24
210924,4075.00,0.07,349.10,349.60,350.10,0.00,0.24
210924,4100.00,0.07,327.10,327.60,328.10,0.00,0.23
210924,4125.00,0.06,305.30,305.85,306.40,0.00,0.22
210924,4150.00,0.05,283.80,284.35,284.90,0.00,0.22
210924,4175.00,0.05,262.50,263.05,263.60,0.00,0.21
210924,4200.00,0.04,241.60,242.05,242.50,0.00,0.21
210924,4225.00,0.04,220.90,221.40,221.90,0.00,0.20
210924,4250.00,0.03,200.60,201.10,201.60,227.70,0.19
210924,4275.00,0.03,180.70,181.20,181.70,189.91,0.19
210924,4300.00,0.02,161.30,161.85,162.40,165.69,0.18
210924,4325.00,0.01,142.50,143.05,143.60,0.00,0.17
210924,4350.00,0.01,124.60,125.05,125.50,125.02,0.17
210924,4375.00,0.00,107.30,107.75,108.20,0.00,0.16
210924,4400.00,0.00,91.00,91.45,91.90,97.27,0.15
210924,4425.00,-0.01,75.90,76.35,76.80,0.00,0.15
210924,4450.00,-0.01,62.00,62.45,62.90,61.18,0.14
210924,4475.00,-0.02,49.70,50.05,50.40,57.80,0.13
210924,4500.00,-0.03,38.90,39.30,39.70,42.76,0.13
210924,4525.00,-0.03,29.90,30.25,30.60,40.50,0.12
210924,4550.00,-0.04,22.60,22.90,23.20,32.30,0.12
210924,4575.00,-0.04,16.80,17.10,17.40,0.00,0.12
210924,4600.00,-0.05,12.50,12.75,13.00,16.03,0.11
210924,4625.00,-0.05,9.20,9.40,9.60,10.36,0.11
210924,4650.00,-0.06,6.80,7.00,7.20,7.58,0.11
210924,4675.00,-0.07,5.00,5.20,5.40,6.61,0.11
210924,4700.00,-0.07,3.70,3.90,4.10,4.26,0.11
210924,4725.00,-0.08,2.80,2.95,3.10,3.90,0.11
210924,4750.00,-0.08,2.10,2.20,2.30,2.42,0.11
210924,4775.00,-0.09,1.60,1.70,1.80,2.30,0.11
210924,4800.00,-0.09,1.25,1.33,1.40,0.00,0.12
210924,4825.00,-0.10,0.95,1.03,1.10,0.00,0.12
210924,4850.00,-0.11,0.75,0.83,0.90,0.97,0.12
210924,4900.00,-0.12,0.50,0.58,0.65,0.00,0.12
210924,5000.00,-0.14,0.25,0.33,0.40,0.00,0.13
210924,5100.00,-0.16,0.10,0.20,0.30,0.00,0.14
210924,5200.00,-0.19,0.05,0.13,0.20,0.00,0.15
210924,5300.00,-0.21,0.05,0.13,0.20,0.00,0.17
210924,5400.00,-0.23,0.05,0.10,0.15,0.00,0.00
210924,5500.00,-0.25,0.05,0.10,0.15,0.00,0.00
210924,5600.00,-0.28,0.05,0.08,0.10,0.00,0.00
210924,5700.00,-0.30,0.00,0.05,0.10,0.00,0.00
210924,5800.00,-0.32,0.00,0.08,0.15,0.00,0.00
210924,6000.00,-0.37,0.00,0.05,0.10,0.00,0.00
210924,6200.00,-0.41,0.00,0.05,0.10,0.00,0.00
210930,1200.00,0.73,3178.20,3180.35,3182.50,3015.11,1.27
210930,1400.00,0.68,2978.40,2980.60,2982.80,0.00,1.14
210930,1600.00,0.64,2778.70,2780.85,2783.00,0.00,1.02
210930,1800.00,0.59,2579.00,2581.20,2583.40,0.00,0.93
210930,1900.00,0.57,2479.20,2481.35,2483.50,2496.00,0.88
210930,2000.00,0.54,2379.40,2381.55,2383.70,2390.00,0.83
210930,2100.00,0.52,2279.70,2281.85,2284.00,2184.59,0.79
210930,2200.00,0.50,2179.90,2182.05,2184.20,0.00,0.75
210930,2300.00,0.48,2080.20,2082.35,2084.50,0.00,0.72
210930,2400.00,0.45,1980.60,1982.75,1984.90,0.00,0.68
210930,2500.00,0.43,1881.00,1883.15,1885.30,1411.10,0.65
210930,2600.00,0.41,1781.40,1783.55,1785.70,1623.33,0.61
210930,2700.00,0.38,1681.90,1684.05,1686.20,0.00,0.58
210930,2800.00,0.36,1582.50,1584.65,1586.80,0.00,0.55
210930,2900.00,0.34,1483.20,1485.35,1487.50,1521.10,0.52
210930,3000.00,0.32,1384.00,1386.10,1388.20,0.00,0.49
210930,3100.00,0.29,1284.90,1287.00,1289.10,1126.63,0.46
210930,3200.00,0.27,1185.90,1188.00,1190.10,918.90,0.44
210930,3300.00,0.25,1087.20,1089.30,1091.40,1111.98,0.41
210930,3350.00,0.24,1038.00,1040.05,1042.10,1052.29,0.40
210930,3400.00,0.23,988.80,990.85,992.90,827.00,0.38
210930,3450.00,0.21,939.80,941.85,943.90,841.44,0.37
210930,3500.00,0.20,891.00,893.00,895.00,793.79,0.36
210930,3525.00,0.20,866.60,868.60,870.60,767.07,0.35
210930,3550.00,0.19,842.30,844.30,846.30,743.52,0.35
210930,3575.00,0.19,818.00,820.00,822.00,722.49,0.34
210930,3600.00,0.18,793.80,795.80,797.80,663.10,0.33
210930,3625.00,0.17,769.60,771.60,773.60,589.10,0.33
210930,3650.00,0.17,745.50,747.50,749.50,655.71,0.32
210930,3675.00,0.16,721.50,723.55,725.60,667.64,0.32
210930,3700.00,0.16,697.60,699.55,701.50,644.05,0.31
210930,3725.00,0.15,673.70,675.65,677.60,572.04,0.31
210930,3750.00,0.15,649.90,651.90,653.90,599.70,0.30
210930,3775.00,0.14,626.30,628.15,630.00,616.70,0.30
210930,3800.00,0.13,602.70,604.50,606.30,615.00,0.29
210930,3825.00,0.13,580.60,580.95,581.30,571.10,0.29
210930,3850.00,0.12,557.20,557.55,557.90,559.90,0.28
210930,3875.00,0.12,533.90,534.25,534.60,486.10,0.27
210930,3900.00,0.11,510.80,511.15,511.50,505.35,0.27
210930,3925.00,0.11,487.70,488.10,488.50,506.80,0.26
210930,3950.00,0.10,464.90,465.25,465.60,420.33,0.26
210930,3975.00,0.09,442.20,442.55,442.90,398.38,0.25
210930,4000.00,0.09,419.60,420.00,420.40,427.90,0.25
210930,4025.00,0.08,397.20,397.60,398.00,405.40,0.24
210930,4050.00,0.08,375.10,375.50,375.90,352.30,0.24
210930,4075.00,0.07,353.10,353.50,353.90,347.42,0.23
210930,4100.00,0.07,331.30,331.70,332.10,337.20,0.23
210930,4125.00,0.06,309.70,310.10,310.50,270.72,0.22
210930,4150.00,0.05,288.30,288.70,289.10,286.91,0.22
210930,4175.00,0.05,267.20,267.60,268.00,240.30,0.21
210930,4200.00,0.04,246.40,246.80,247.20,253.91,0.20
210930,4225.00,0.04,225.90,226.30,226.70,231.17,0.20
210930,4250.00,0.03,205.70,206.15,206.60,130.36,0.19
210930,4275.00,0.03,186.00,186.40,186.80,189.70,0.18
210930,4300.00,0.02,166.80,167.20,167.60,172.20,0.18
210930,4325.00,0.01,148.10,148.50,148.90,159.72,0.17
210930,4350.00,0.01,130.10,130.50,130.90,135.53,0.17
210930,4375.00,0.00,112.90,113.25,113.60,125.70,0.16
210930,4400.00,0.00,96.60,96.95,97.30,100.63,0.15
210930,4425.00,-0.01,81.40,81.75,82.10,93.70,0.15
210930,4450.00,-0.01,67.40,67.75,68.10,70.10,0.14
210930,4475.00,-0.02,54.90,55.20,55.50,65.00,0.14
210930,4500.00,-0.03,43.90,44.15,44.40,43.95,0.13
210930,4525.00,-0.03,34.50,34.75,35.00,37.70,0.13
210930,4550.00,-0.04,26.70,26.95,27.20,28.50,0.12
210930,4575.00,-0.04,20.50,20.65,20.80,21.75,0.12
210930,4600.00,-0.05,15.50,15.70,15.90,18.50,0.12
210930,4625.00,-0.05,11.70,11.90,12.10,12.62,0.11
210930,4650.00,-0.06,8.80,9.00,9.20,9.54,0.11
210930,4675.00,-0.07,6.70,6.85,7.00,7.50,0.11
210930,4700.00,-0.07,5.10,5.25,5.40,5.60,0.11
210930,4725.00,-0.08,3.90,4.05,4.20,4.35,0.11
210930,4750.00,-0.08,3.00,3.10,3.20,3.22,0.11
210930,4775.00,-0.09,2.30,2.40,2.50,2.47,0.11
210930,4800.00,-0.09,1.80,1.88,1.95,2.75,0.12
210930,4825.00,-0.10,1.40,1.48,1.55,1.92,0.12
210930,4850.00,-0.11,1.10,1.18,1.25,1.52,0.12
210930,4900.00,-0.12,0.75,0.80,0.85,0.85,0.12
210930,5000.00,-0.14,0.40,0.45,0.50,0.45,0.13
210930,5100.00,-0.16,0.20,0.28,0.35,3.07,0.14
210930,5200.00,-0.19,0.10,0.18,0.25,0.25,0.15
210930,5300.00,-0.21,0.05,0.13,0.20,0.55,0.16
210930,5400.00,-0.23,0.05,0.13,0.20,0.27,0.17
210930,5500.00,-0.25,0.05,0.10,0.15,0.26,0.18
210930,5600.00,-0.28,0.05,0.08,0.10,0.22,0.00
210930,5700.00,-0.30,0.05,0.08,0.10,0.10,0.00
210930,5800.00,-0.32,0.05,0.08,0.10,0.10,0.00
210930,6000.00,-0.37,0.05,0.08,0.10,0.12,0.00
210930,6200.00,-0.41,0.10,0.10,0.10,0.10,0.00
211015,1200.00,0.73,3176.10,3178.35,3180.60,0.00,1.15
211015,1400.00,0.68,2976.50,2978.75,2981.00,0.00,1.04
211015,1600.00,0.64,2776.90,2779.15,2781.40,0.00,0.94
211015,1800.00,0.59,2577.40,2579.65,2581.90,0.00,0.85
211015,1900.00,0.57,2477.70,2479.90,2482.10,0.00,0.81
211015,2000.00,0.54,2378.00,2380.25,2382.50,0.00,0.77
211015,2100.00,0.52,2278.30,2280.55,2282.80,0.00,0.73
211015,2200.00,0.50,2178.70,2180.95,2183.20,0.00,0.70
211015,2300.00,0.48,2079.20,2081.45,2083.70,0.00,0.67
211015,2400.00,0.45,1979.70,1981.95,1984.20,0.00,0.63
211015,2500.00,0.43,1880.30,1882.50,1884.70,0.00,0.60
211015,2600.00,0.41,1780.90,1783.15,1785.40,0.00,0.57
211015,2700.00,0.38,1681.70,1683.90,1686.10,0.00,0.55
211015,2800.00,0.36,1582.50,1584.75,1587.00,1481.14,0.52
211015,2900.00,0.34,1483.50,1485.70,1487.90,0.00,0.49
211015,3000.00,0.32,1384.60,1386.80,1389.00,0.00,0.46
211015,3100.00,0.29,1285.90,1288.10,1290.30,0.00,0.44
211015,3200.00,0.27,1187.40,1189.60,1191.80,0.00,0.41
211015,3300.00,0.25,1089.30,1091.50,1093.70,0.00,0.39
211015,3350.00,0.24,1040.40,1042.60,1044.80,989.61,0.38
211015,3400.00,0.23,991.70,993.85,996.00,999.18,0.37
211015,3450.00,0.21,943.10,945.25,947.40,0.00,0.36
211015,3500.00,0.20,894.70,896.85,899.00,745.30,0.35
211015,3525.00,0.20,870.60,872.70,874.80,719.60,0.34
211015,3550.00,0.19,846.50,848.65,850.80,695.20,0.34
211015,3575.00,0.19,822.50,824.60,826.70,0.00,0.33
211015,3600.00,0.18,798.60,800.70,802.80,659.68,0.32
211015,3625.00,0.17,774.70,776.80,778.90,652.90,0.32
211015,3650.00,0.17,750.90,753.00,755.10,599.70,0.31
211015,3675.00,0.16,727.20,729.25,731.30,577.40,0.31
211015,3700.00,0.16,703.60,705.65,707.70,653.50,0.30
211015,3725.00,0.15,680.00,682.05,684.10,552.70,0.30
211015,3750.00,0.15,658.00,658.40,658.80,0.00,0.29
211015,3775.00,0.14,634.70,635.10,635.50,653.42,0.29
211015,3800.00,0.13,611.40,611.80,612.20,491.50,0.28
211015,3825.00,0.13,588.20,588.65,589.10,0.00,0.28
211015,3850.00,0.12,565.20,565.60,566.00,449.62,0.27
211015,3875.00,0.12,542.30,542.70,543.10,571.70,0.27
211015,3900.00,0.11,519.50,519.95,520.40,538.22,0.26
211015,3925.00,0.11,496.90,497.30,497.70,399.49,0.26
211015,3950.00,0.10,474.40,474.80,475.20,378.25,0.26
211015,3975.00,0.09,452.10,452.50,452.90,357.06,0.25
211015,4000.00,0.09,429.90,430.35,430.80,430.86,0.25
211015,4025.00,0.08,407.90,408.35,408.80,438.40,0.24
211015,4050.00,0.08,386.10,386.55,387.00,413.18,0.24
211015,4075.00,0.07,364.50,364.95,365.40,277.71,0.23
211015,4100.00,0.07,343.10,343.55,344.00,342.77,0.22
211015,4125.00,0.06,321.90,322.35,322.80,297.67,0.22
211015,4150.00,0.05,301.00,301.45,301.90,280.95,0.21
211015,4175.00,0.05,280.30,280.75,281.20,297.95,0.21
211015,4200.00,0.04,259.90,260.35,260.80,259.24,0.20
211015,4225.00,0.04,239.90,240.35,240.80,247.40,0.20
211015,4250.00,0.03,220.20,220.65,221.10,224.32,0.19
211015,4275.00,0.03,200.90,201.35,201.80,209.47,0.19
211015,4300.00,0.02,182.10,182.55,183.00,182.87,0.18
211015,4325.00,0.01,163.90,164.35,164.80,174.00,0.18
211015,4350.00,0.01,146.20,146.65,147.10,159.65,0.17
211015,4375.00,0.00,129.20,129.65,130.10,145.53,0.16
211015,4400.00,0.00,113.00,113.45,113.90,116.39,0.16
211015,4425.00,-0.01,97.80,98.20,98.60,99.49,0.15
211015,4450.00,-0.01,83.60,83.95,84.30,85.21,0.15
211015,4475.00,-0.02,70.50,70.90,71.30,87.11,0.14
211015,4500.00,-0.03,58.80,59.10,59.40,63.20,0.14
211015,4525.00,-0.03,48.30,48.60,48.90,51.00,0.13
211015,4550.00,-0.04,39.20,39.50,39.80,42.40,0.13
211015,4575.00,-0.04,31.60,31.85,32.10,34.00,0.13
211015,4600.00,-0.05,25.20,25.45,25.70,29.33,0.12
211015,4625.00,-0.05,19.90,20.20,20.50,24.38,0.12
211015,4650.00,-0.06,15.70,15.95,16.20,16.00,0.12
211015,4675.00,-0.07,12.40,12.60,12.80,18.79,0.12
211015,4700.00,-0.07,9.80,10.00,10.20,10.34,0.12
211015,4725.00,-0.08,7.80,7.95,8.10,8.10,0.12
211015,4750.00,-0.08,6.20,6.35,6.50,7.45,0.12
211015,4775.00,-0.09,4.90,5.05,5.20,5.92,0.12
211015,4800.00,-0.09,3.90,4.05,4.20,4.20,0.12
211015,4825.00,-0.10,3.10,3.25,3.40,4.00,0.12
211015,4850.00,-0.11,2.55,2.65,2.75,2.70,0.12
211015,4900.00,-0.12,1.70,1.80,1.90,1.81,0.12
211015,5000.00,-0.14,0.85,0.93,1.00,1.15,0.13
211015,5100.00,-0.16,0.45,0.55,0.65,0.50,0.14
211015,5200.00,-0.19,0.30,0.38,0.45,0.35,0.14
211015,5300.00,-0.21,0.20,0.28,0.35,0.25,0.15
211015,5400.00,-0.23,0.10,0.18,0.25,0.00,0.16
211015,5500.00,-0.25,0.10,0.18,0.25,0.00,0.17
211015,5600.00,-0.28,0.05,0.13,0.20,0.00,0.18
211015,5700.00,-0.30,0.05,0.13,0.20,0.00,0.19
211015,5800.00,-0.32,0.05,0.10,0.15,0.00,0.00
211015,6000.00,-0.37,0.05,0.10,0.15,0.00,0.00
211015,6200.00,-0.41,0.05,0.08,0.10,1.40,0.00
211029,1200.00,0.73,3174.90,3177.25,3179.60,0.00,1.10
211029,1400.00,0.68,2975.40,2977.75,2980.10,0.00,0.99
211029,1600.00,0.64,2776.00,2778.30,2780.60,0.00,0.90
211029,1800.00,0.59,2576.60,2578.95,2581.30,0.00,0.81
211029,1900.00,0.57,2477.00,2479.35,2481.70,0.00,0.77
211029,2000.00,0.54,2377.40,2379.75,2382.10,0.00,0.74
211029,2100.00,0.52,2277.90,2280.20,2282.50,0.00,0.70
211029,2200.00,0.50,2178.40,2180.70,2183.00,0.00,0.67
211029,2300.00,0.48,2079.00,2081.30,2083.60,0.00,0.64
211029,2400.00,0.45,1979.70,1982.00,1984.30,0.00,0.61
211029,2500.00,0.43,1880.40,1882.70,1885.00,0.00,0.58
211029,2600.00,0.41,1781.20,1783.50,1785.80,0.00,0.55
211029,2700.00,0.38,1682.20,1684.50,1686.80,0.00,0.52
211029,2800.00,0.36,1583.30,1585.55,1587.80,0.00,0.50
211029,2900.00,0.34,1484.50,1486.75,1489.00,0.00,0.47
211029,3000.00,0.32,1385.90,1388.20,1390.50,0.00,0.45
211029,3100.00,0.29,1287.60,1289.85,1292.10,0.00,0.42
211029,3200.00,0.27,1189.60,1191.85,1194.10,0.00,0.40
211029,3300.00,0.25,1092.10,1094.35,1096.60,1054.53,0.38
211029,3350.00,0.24,1043.60,1045.80,1048.00,0.00,0.37
211029,3400.00,0.23,995.20,997.40,999.60,0.00,0.36
211029,3450.00,0.21,947.00,949.15,951.30,0.00,0.35
211029,3500.00,0.20,899.00,901.15,903.30,0.00,0.34
211029,3525.00,0.20,875.10,877.25,879.40,0.00,0.33
211029,3550.00,0.19,851.30,853.45,855.60,0.00,0.33
211029,3575.00,0.19,827.50,829.65,831.80,0.00,0.32
211029,3600.00,0.18,803.80,805.95,808.10,768.87,0.32
211029,3625.00,0.17,780.20,782.30,784.40,669.64,0.31
211029,3650.00,0.17,756.70,758.80,760.90,636.42,0.31
211029,3675.00,0.16,733.20,735.30,737.40,633.72,0.30
211029,3700.00,0.16,711.20,711.70,712.20,610.88,0.30
211029,3725.00,0.15,687.90,688.40,688.90,541.90,0.29
211029,3750.00,0.15,664.70,665.20,665.70,519.26,0.29
211029,3775.00,0.14,641.60,642.10,642.60,491.13,0.29
211029,3800.00,0.13,618.70,619.15,619.60,576.30,0.28
211029,3825.00,0.13,595.80,596.30,596.80,469.28,0.28
211029,3850.00,0.12,573.10,573.60,574.10,567.60,0.27
211029,3875.00,0.12,550.50,551.00,551.50,0.00,0.27
211029,3900.00,0.11,528.00,528.50,529.00,503.70,0.26
211029,3925.00,0.11,505.70,506.20,506.70,372.73,0.26
211029,3950.00,0.10,483.50,484.05,484.60,366.40,0.25
211029,3975.00,0.09,461.50,462.00,462.50,332.60,0.25
211029,4000.00,0.09,439.60,440.15,440.70,446.32,0.24
211029,4025.00,0.08,418.00,418.50,419.00,356.41,0.24
211029,4050.00,0.08,396.50,397.05,397.60,298.03,0.23
211029,4075.00,0.07,375.20,375.75,376.30,349.90,0.23
211029,4100.00,0.07,354.10,354.65,355.20,358.84,0.22
211029,4125.00,0.06,333.30,333.85,334.40,245.50,0.22
211029,4150.00,0.05,312.70,313.25,313.80,278.90,0.21
211029,4175.00,0.05,292.30,292.85,293.40,257.08,0.21
211029,4200.00,0.04,272.30,272.85,273.40,247.02,0.20
211029,4225.00,0.04,252.50,253.05,253.60,254.85,0.20
211029,4250.00,0.03,233.10,233.65,234.20,235.90,0.19
211029,4275.00,0.03,214.10,214.65,215.20,221.20,0.19
211029,4300.00,0.02,195.60,196.15,196.70,200.42,0.18
211029,4325.00,0.01,177.60,178.10,178.60,121.50,0.18
211029,4350.00,0.01,160.10,160.60,161.10,167.29,0.17
211029,4375.00,0.00,143.20,143.75,144.30,146.42,0.17
211029,4400.00,0.00,127.10,127.60,128.10,131.08,0.16
211029,4425.00,-0.01,111.80,112.25,112.70,124.93,0.16
211029,4450.00,-0.01,97.40,97.85,98.30,105.57,0.15
211029,4475.00,-0.02,84.00,84.40,84.80,102.10,0.15
211029,4500.00,-0.03,71.60,72.05,72.50,73.00,0.14
211029,4525.00,-0.03,60.60,60.95,61.30,62.10,0.14
211029,4550.00,-0.04,50.60,51.00,51.40,58.20,0.14
211029,4575.00,-0.04,41.90,42.25,42.60,21.20,0.13
211029,4600.00,-0.05,34.40,34.70,35.00,39.15,0.13
211029,4625.00,-0.05,28.10,28.35,28.60,32.58,0.13
211029,4650.00,-0.06,22.70,23.00,23.30,26.25,0.12
211029,4675.00,-0.07,18.40,18.65,18.90,19.85,0.12
211029,4700.00,-0.07,14.80,15.05,15.30,15.70,0.12
211029,4725.00,-0.08,11.90,12.15,12.40,17.45,0.12
211029,4750.00,-0.08,9.60,9.85,10.10,10.50,0.12
211029,4775.00,-0.09,7.80,8.00,8.20,8.26,0.12
211029,4800.00,-0.09,6.30,6.50,6.70,7.30,0.12
211029,4825.00,-0.10,5.10,5.30,5.50,6.60,0.12
211029,4850.00,-0.11,4.10,4.30,4.50,4.39,0.12
211029,4900.00,-0.12,2.80,2.95,3.10,3.64,0.12
211029,5000.00,-0.14,1.35,1.45,1.55,1.70,0.12
211029,5100.00,-0.16,0.75,0.85,0.95,0.65,0.13
211029,5200.00,-0.19,0.45,0.55,0.65,0.45,0.14
211029,5300.00,-0.21,0.30,0.38,0.45,0.35,0.15
211029,5400.00,-0.23,0.20,0.28,0.35,0.30,0.15
211029,5500.00,-0.25,0.15,0.22,0.30,0.00,0.16
211029,5600.00,-0.28,0.10,0.18,0.25,0.00,0.17
211029,5700.00,-0.30,0.05,0.13,0.20,0.00,0.18
211029,5800.00,-0.32,0.05,0.13,0.20,0.00,0.19
211029,6000.00,-0.37,0.05,0.10,0.15,0.00,0.00
211029,6200.00,-0.41,0.05,0.10,0.15,0.25,0.00
211119,1200.00,0.73,3170.80,3173.15,3175.50,0.00,0.95
211119,1400.00,0.68,2971.50,2973.85,2976.20,0.00,0.87
211119,1600.00,0.64,2772.20,2774.55,2776.90,0.00,0.79
211119,1800.00,0.59,2573.10,2575.45,2577.80,0.00,0.72
211119,1900.00,0.57,2473.60,2475.95,2478.30,0.00,0.69
211119,2000.00,0.54,2374.20,2376.55,2378.90,0.00,0.66
211119,2100.00,0.52,2274.80,2277.15,2279.50,0.00,0.63
211119,2200.00,0.50,2175.50,2177.85,2180.20,0.00,0.60
211119,2300.00,0.48,2076.30,2078.65,2081.00,0.00,0.58
211119,2400.00,0.45,1977.20,1979.50,1981.80,0.00,0.55
211119,2500.00,0.43,1878.20,1880.50,1882.80,0.00,0.53
211119,2600.00,0.41,1779.40,1781.70,1784.00,0.00,0.51
211119,2700.00,0.38,1680.70,1683.00,1685.30,0.00,0.48
211119,2800.00,0.36,1582.20,1584.45,1586.70,0.00,0.46
211119,2900.00,0.34,1483.90,1486.20,1488.50,0.00,0.44
211119,3000.00,0.32,1386.00,1388.25,1390.50,0.00,0.42
211119,3100.00,0.29,1288.40,1290.65,1292.90,0.00,0.40
211119,3200.00,0.27,1191.20,1193.45,1195.70,0.00,0.38
211119,3300.00,0.25,1094.60,1096.80,1099.00,0.00,0.36
211119,3350.00,0.24,1046.60,1048.80,1051.00,0.00,0.35
211119,3400.00,0.23,998.80,1000.95,1003.10,0.00,0.34
211119,3450.00,0.21,951.10,953.30,955.50,0.00,0.33
211119,3500.00,0.20,903.80,905.95,908.10,853.70,0.32
211119,3525.00,0.20,880.20,882.35,884.50,0.00,0.32
211119,3550.00,0.19,856.70,858.80,860.90,0.00,0.32
211119,3575.00,0.19,833.20,835.35,837.50,801.90,0.31
211119,3600.00,0.18,811.30,811.75,812.20,785.20,0.31
211119,3625.00,0.17,788.00,788.45,788.90,0.00,0.30
211119,3650.00,0.17,764.70,765.20,765.70,0.00,0.30
211119,3675.00,0.16,741.60,742.10,742.60,716.00,0.29
211119,3700.00,0.16,718.60,719.10,719.60,0.00,0.29
211119,3725.00,0.15,695.60,696.15,696.70,0.00,0.29
211119,3750.00,0.15,672.80,673.30,673.80,653.80,0.28
211119,3775.00,0.14,650.10,650.60,651.10,0.00,0.28
211119,3800.00,0.13,627.50,628.00,628.50,0.00,0.27
211119,3825.00,0.13,605.00,605.55,606.10,623.60,0.27
211119,3850.00,0.12,582.70,583.20,583.70,0.00,0.26
211119,3875.00,0.12,560.50,561.00,561.50,0.00,0.26
211119,3900.00,0.11,538.40,538.95,539.50,556.50,0.26
211119,3925.00,0.11,516.50,517.05,517.60,0.00,0.25
211119,3950.00,0.10,494.70,495.25,495.80,0.00,0.25
211119,3975.00,0.09,473.10,473.65,474.20,325.10,0.24
211119,4000.00,0.09,451.70,452.25,452.80,327.07,0.24
211119,4025.00,0.08,430.40,430.95,431.50,0.00,0.24
211119,4050.00,0.08,409.30,409.90,410.50,416.10,0.23
211119,4075.00,0.07,388.50,389.05,389.60,0.00,0.23
211119,4100.00,0.07,367.80,368.40,369.00,387.50,0.22
211119,4125.00,0.06,347.40,347.95,348.50,366.82,0.22
211119,4150.00,0.05,327.20,327.75,328.30,341.50,0.21
211119,4175.00,0.05,307.20,307.80,308.40,326.12,0.21
211119,4200.00,0.04,287.60,288.20,288.80,305.74,0.20
211119,4225.00,0.04,268.30,268.85,269.40,284.92,0.20
211119,4250.00,0.03,249.30,249.90,250.50,269.70,0.19
211119,4275.00,0.03,230.70,231.30,231.90,248.20,0.19
211119,4300.00,0.02,212.70,213.20,213.70,216.00,0.19
211119,4325.00,0.01,195.00,195.50,196.00,210.96,0.18
211119,4350.00,0.01,177.80,178.30,178.80,177.42,0.18
211119,4375.00,0.00,161.20,161.70,162.20,168.80,0.17
211119,4400.00,0.00,145.30,145.80,146.30,151.25,0.17
211119,4425.00,-0.01,130.00,130.45,130.90,146.23,0.16
211119,4450.00,-0.01,115.50,115.95,116.40,118.73,0.16
211119,4475.00,-0.02,101.90,102.35,102.80,105.40,0.15
211119,4500.00,-0.03,89.10,89.55,90.00,98.50,0.15
211119,4525.00,-0.03,77.50,77.80,78.10,81.90,0.15
211119,4550.00,-0.04,66.70,67.05,67.40,70.50,0.14
211119,4575.00,-0.04,57.00,57.35,57.70,65.30,0.14
211119,4600.00,-0.05,48.30,48.65,49.00,48.50,0.14
211119,4625.00,-0.05,40.70,41.00,41.30,42.00,0.13
211119,4650.00,-0.06,34.10,34.35,34.60,39.46,0.13
211119,4675.00,-0.07,28.40,28.65,28.90,35.62,0.13
211119,4700.00,-0.07,23.60,23.80,24.00,30.00,0.13
211119,4725.00,-0.08,19.50,19.75,20.00,26.28,0.13
211119,4750.00,-0.08,16.20,16.40,16.60,16.77,0.12
211119,4775.00,-0.09,13.40,13.60,13.80,17.12,0.12
211119,4800.00,-0.09,11.10,11.30,11.50,13.28,0.12
211119,4825.00,-0.10,9.20,9.40,9.60,10.92,0.12
211119,4850.00,-0.11,7.60,7.80,8.00,0.00,0.12
211119,4900.00,-0.12,5.20,5.40,5.60,6.50,0.12
211119,5000.00,-0.14,2.55,2.68,2.80,0.00,0.12
211119,5100.00,-0.16,1.35,1.45,1.55,0.00,0.13
211119,5200.00,-0.19,0.75,0.85,0.95,0.00,0.13
211119,5300.00,-0.21,0.50,0.58,0.65,0.40,0.14
211119,5400.00,-0.23,0.30,0.40,0.50,0.25,0.14
211119,5500.00,-0.25,0.20,0.30,0.40,0.00,0.15
211119,5600.00,-0.28,0.15,0.22,0.30,0.00,0.16
211119,5700.00,-0.30,0.10,0.18,0.25,0.00,0.16
211119,5800.00,-0.32,0.05,0.15,0.25,0.00,0.17
211119,6000.00,-0.37,0.05,0.08,0.10,0.00,0.18
211119,6200.00,-0.41,0.05,0.10,0.15,0.00,0.00
211130,1200.00,0.73,3169.40,3171.75,3174.10,0.00,0.92
211130,1400.00,0.68,2970.20,2972.55,2974.90,0.00,0.84
211130,1600.00,0.64,2771.00,2773.35,2775.70,0.00,0.76
211130,1800.00,0.59,2572.00,2574.35,2576.70,0.00,0.70
211130,1900.00,0.57,2472.60,2474.90,2477.20,0.00,0.67
211130,2000.00,0.54,2373.20,2375.50,2377.80,0.00,0.64
211130,2100.00,0.52,2273.90,2276.20,2278.50,0.00,0.61
211130,2200.00,0.50,2174.70,2177.00,2179.30,0.00,0.58
211130,2300.00,0.48,2075.50,2077.85,2080.20,0.00,0.56
211130,2400.00,0.45,1976.50,1978.85,1981.20,0.00,0.54
211130,2500.00,0.43,1877.70,1880.00,1882.30,1717.00,0.51
211130,2600.00,0.41,1778.90,1781.20,1783.50,0.00,0.49
211130,2700.00,0.38,1680.40,1682.70,1685.00,0.00,0.47
211130,2800.00,0.36,1582.10,1584.35,1586.60,1380.86,0.45
211130,2900.00,0.34,1484.00,1486.25,1488.50,0.00,0.43
211130,3000.00,0.32,1386.30,1388.55,1390.80,0.00,0.41
211130,3100.00,0.29,1289.00,1291.20,1293.40,0.00,0.39
211130,3200.00,0.27,1192.10,1194.35,1196.60,0.00,0.37
211130,3300.00,0.25,1095.90,1098.10,1100.30,958.00,0.35
211130,3350.00,0.24,1048.00,1050.20,1052.40,0.00,0.34
211130,3400.00,0.23,1000.40,1002.55,1004.70,0.00,0.33
211130,3450.00,0.21,953.00,955.15,957.30,0.00,0.33
211130,3500.00,0.20,905.80,907.95,910.10,0.00,0.32
211130,3525.00,0.20,882.30,884.45,886.60,0.00,0.31
211130,3550.00,0.19,858.90,861.05,863.20,0.00,0.31
211130,3575.00,0.19,837.00,837.55,838.10,846.53,0.30
211130,3600.00,0.18,813.70,814.25,814.80,823.38,0.30
211130,3625.00,0.17,790.50,791.10,791.70,0.00,0.30
211130,3650.00,0.17,767.40,768.00,768.60,0.00,0.29
211130,3675.00,0.16,744.40,745.00,745.60,0.00,0.29
211130,3700.00,0.16,721.50,722.10,722.70,642.05,0.28
211130,3725.00,0.15,698.70,699.30,699.90,620.05,0.28
211130,3750.00,0.15,676.00,676.60,677.20,558.28,0.28
211130,3775.00,0.14,653.40,654.05,654.70,582.00,0.27
211130,3800.00,0.13,631.00,631.60,632.20,635.35,0.27
211130,3825.00,0.13,608.60,609.25,609.90,483.15,0.26
211130,3850.00,0.12,586.40,587.05,587.70,599.10,0.26
211130,3875.00,0.12,564.40,565.05,565.70,497.00,0.26
211130,3900.00,0.11,542.50,543.15,543.80,419.18,0.25
211130,3925.00,0.11,520.70,521.40,522.10,539.58,0.25
211130,3950.00,0.10,499.10,499.80,500.50,389.23,0.24
211130,3975.00,0.09,477.70,478.35,479.00,495.61,0.24
211130,4000.00,0.09,456.40,457.10,457.80,462.77,0.24
211130,4025.00,0.08,435.30,436.00,436.70,431.07,0.23
211130,4050.00,0.08,414.40,415.10,415.80,366.50,0.23
211130,4075.00,0.07,393.70,394.40,395.10,342.60,0.22
211130,4100.00,0.07,373.20,373.90,374.60,272.23,0.22
211130,4125.00,0.06,352.90,353.60,354.30,307.40,0.22
211130,4150.00,0.05,332.80,333.55,334.30,339.60,0.21
211130,4175.00,0.05,313.10,313.80,314.50,319.70,0.21
211130,4200.00,0.04,293.60,294.30,295.00,272.02,0.20
211130,4225.00,0.04,274.40,275.10,275.80,247.57,0.20
211130,4250.00,0.03,255.60,256.30,257.00,269.11,0.19
211130,4275.00,0.03,237.20,237.85,238.50,215.78,0.19
211130,4300.00,0.02,219.30,219.90,220.50,194.90,0.18
211130,4325.00,0.01,201.80,202.35,202.90,178.04,0.18
211130,4350.00,0.01,184.70,185.30,185.90,184.22,0.18
211130,4375.00,0.00,168.10,168.75,169.40,162.23,0.17
211130,4400.00,0.00,152.20,152.80,153.40,155.45,0.17
211130,4425.00,-0.01,136.90,137.55,138.20,137.90,0.16
211130,4450.00,-0.01,122.40,123.05,123.70,130.77,0.16
211130,4475.00,-0.02,108.70,109.30,109.90,112.06,0.15
211130,4500.00,-0.03,95.80,96.40,97.00,112.20,0.15
211130,4525.00,-0.03,83.90,84.45,85.00,98.38,0.15
211130,4550.00,-0.04,72.90,73.40,73.90,80.39,0.14
211130,4575.00,-0.04,62.90,63.35,63.80,66.54,0.14
211130,4600.00,-0.05,53.90,54.30,54.70,60.10,0.14
211130,4625.00,-0.05,45.90,46.25,46.60,47.94,0.13
211130,4650.00,-0.06,38.80,39.15,39.50,42.13,0.13
211130,4675.00,-0.07,32.70,33.00,33.30,0.00,0.13
211130,4700.00,-0.07,27.40,27.70,28.00,31.20,0.13
211130,4725.00,-0.08,22.90,23.20,23.50,30.50,0.13
211130,4750.00,-0.08,19.20,19.45,19.70,23.60,0.12
211130,4775.00,-0.09,16.00,16.25,16.50,0.00,0.12
211130,4800.00,-0.09,13.40,13.60,13.80,11.15,0.12
211130,4825.00,-0.10,11.20,11.40,11.60,0.00,0.12
211130,4850.00,-0.11,9.30,9.55,9.80,10.92,0.12
211130,4900.00,-0.12,6.40,6.65,6.90,6.90,0.12
211130,5000.00,-0.14,3.20,3.40,3.60,0.00,0.12
211130,5100.00,-0.16,1.65,1.80,1.95,2.10,0.12
211130,5200.00,-0.19,0.95,1.08,1.20,0.86,0.13
211130,5300.00,-0.21,0.55,0.68,0.80,0.55,0.13
211130,5400.00,-0.23,0.35,0.48,0.60,0.00,0.14
211130,5500.00,-0.25,0.25,0.35,0.45,0.48,0.15
211130,5600.00,-0.28,0.15,0.28,0.40,0.00,0.15
211130,5700.00,-0.30,0.10,0.22,0.35,0.00,0.16
211130,5800.00,-0.32,0.10,0.20,0.30,0.00,0.17
211130,6000.00,-0.37,0.05,0.15,0.25,0.10,0.18
211130,6200.00,-0.41,0.05,0.08,0.10,0.00,0.00
211217,1200.00,0.73,3166.80,3169.15,3171.50,0.00,0.85
211217,1400.00,0.68,2967.70,2970.05,2972.40,0.00,0.78
211217,1600.00,0.64,2768.70,2771.05,2773.40,0.00,0.72
211217,1800.00,0.59,2569.90,2572.25,2574.60,0.00,0.66
211217,1900.00,0.57,2470.60,2472.90,2475.20,0.00,0.63
211217,2000.00,0.54,2371.30,2373.65,2376.00,0.00,0.61
211217,2100.00,0.52,2272.20,2274.50,2276.80,0.00,0.58
211217,2200.00,0.50,2173.20,2175.50,2177.80,0.00,0.56
211217,2300.00,0.48,2074.30,2076.60,2078.90,0.00,0.53
211217,2400.00,0.45,1975.50,1977.80,1980.10,0.00,0.51
211217,2500.00,0.43,1876.80,1879.10,1881.40,0.00,0.49
211217,2600.00,0.41,1778.40,1780.70,1783.00,0.00,0.47
211217,2700.00,0.38,1680.20,1682.45,1684.70,0.00,0.45
211217,2800.00,0.36,1582.20,1584.50,1586.80,0.00,0.43
211217,2900.00,0.34,1484.60,1486.85,1489.10,0.00,0.41
211217,3000.00,0.32,1387.40,1389.60,1391.80,0.00,0.39
211217,3100.00,0.29,1290.60,1292.80,1295.00,0.00,0.38
211217,3200.00,0.27,1194.40,1196.60,1198.80,0.00,0.36
211217,3300.00,0.25,1098.80,1101.00,1103.20,0.00,0.34
211217,3350.00,0.24,1051.40,1053.55,1055.70,0.00,0.34
211217,3400.00,0.23,1004.20,1006.30,1008.40,0.00,0.33
211217,3450.00,0.21,957.20,959.30,961.40,0.00,0.32
211217,3500.00,0.20,912.00,912.45,912.90,0.00,0.31
211217,3525.00,0.20,888.80,889.20,889.60,0.00,0.31
211217,3550.00,0.19,865.60,866.00,866.40,0.00,0.30
211217,3575.00,0.19,842.50,842.95,843.40,0.00,0.30
211217,3600.00,0.18,819.50,819.95,820.40,0.00,0.30
211217,3625.00,0.17,796.60,797.05,797.50,0.00,0.29
211217,3650.00,0.17,773.80,774.20,774.60,0.00,0.29
211217,3675.00,0.16,751.10,751.50,751.90,0.00,0.28
211217,3700.00,0.16,728.40,728.85,729.30,0.00,0.28
211217,3725.00,0.15,705.90,706.35,706.80,0.00,0.28
211217,3750.00,0.15,683.60,684.05,684.50,0.00,0.27
211217,3775.00,0.14,661.30,661.75,662.20,0.00,0.27
211217,3800.00,0.13,639.10,639.60,640.10,0.00,0.27
211217,3825.00,0.13,617.10,617.55,618.00,585.90,0.26
211217,3850.00,0.12,595.20,595.70,596.20,625.90,0.26
211217,3875.00,0.12,573.50,573.95,574.40,522.00,0.25
211217,3900.00,0.11,551.90,552.35,552.80,573.12,0.25
211217,3925.00,0.11,530.40,530.90,531.40,0.00,0.25
211217,3950.00,0.10,509.20,509.65,510.10,534.50,0.24
211217,3975.00,0.09,488.00,488.50,489.00,0.00,0.24
211217,4000.00,0.09,467.10,467.55,468.00,0.00,0.24
211217,4025.00,0.08,446.30,446.75,447.20,0.00,0.23
211217,4050.00,0.08,425.70,426.20,426.70,450.48,0.23
211217,4075.00,0.07,405.30,405.80,406.30,416.00,0.22
211217,4100.00,0.07,385.10,385.60,386.10,355.64,0.22
211217,4125.00,0.06,365.20,365.65,366.10,373.92,0.22
211217,4150.00,0.05,345.50,345.95,346.40,346.37,0.21
211217,4175.00,0.05,326.00,326.50,327.00,297.90,0.21
211217,4200.00,0.04,306.80,307.30,307.80,304.47,0.20
211217,4225.00,0.04,287.90,288.40,288.90,298.51,0.20
211217,4250.00,0.03,269.40,269.90,270.40,273.48,0.20
211217,4275.00,0.03,251.30,251.75,252.20,262.55,0.19
211217,4300.00,0.02,233.50,234.00,234.50,249.89,0.19
211217,4325.00,0.01,216.20,216.70,217.20,220.72,0.18
211217,4350.00,0.01,199.40,199.85,200.30,218.60,0.18
211217,4375.00,0.00,183.00,183.45,183.90,187.50,0.18
211217,4400.00,0.00,167.20,167.65,168.10,170.85,0.17
211217,4425.00,-0.01,152.00,152.45,152.90,159.93,0.17
211217,4450.00,-0.01,137.50,137.90,138.30,141.63,0.16
211217,4475.00,-0.02,123.60,124.05,124.50,140.56,0.16
211217,4500.00,-0.03,110.50,110.95,111.40,126.75,0.16
211217,4525.00,-0.03,98.20,98.60,99.00,104.37,0.15
211217,4550.00,-0.04,86.70,87.15,87.60,86.30,0.15
211217,4575.00,-0.04,76.20,76.55,76.90,83.42,0.15
211217,4600.00,-0.05,66.40,66.75,67.10,69.80,0.14
211217,4625.00,-0.05,57.60,57.95,58.30,59.00,0.14
211217,4650.00,-0.06,49.70,50.00,50.30,54.39,0.14
211217,4675.00,-0.07,42.60,42.95,43.30,48.01,0.13
211217,4700.00,-0.07,36.50,36.80,37.10,41.09,0.13
211217,4725.00,-0.08,31.10,31.40,31.70,18.60,0.13
211217,4750.00,-0.08,26.50,26.75,27.00,30.05,0.13
211217,4775.00,-0.09,22.50,22.75,23.00,25.43,0.13
211217,4800.00,-0.09,19.10,19.35,19.60,21.68,0.13
211217,4825.00,-0.10,16.20,16.45,16.70,0.00,0.13
211217,4850.00,-0.11,13.80,14.00,14.20,15.83,0.13
211217,4900.00,-0.12,9.90,10.15,10.40,11.30,0.12
211217,5000.00,-0.14,5.20,5.35,5.50,5.10,0.12
211217,5100.00,-0.16,2.75,2.88,3.00,0.00,0.13
211217,5200.00,-0.19,1.55,1.65,1.75,0.00,0.13
211217,5300.00,-0.21,0.95,1.05,1.15,0.00,0.13
211217,5400.00,-0.23,0.60,0.70,0.80,0.70,0.14
211217,5500.00,-0.25,0.40,0.50,0.60,0.00,0.14
211217,5600.00,-0.28,0.30,0.38,0.45,0.00,0.15
211217,5700.00,-0.30,0.20,0.30,0.40,0.00,0.15
211217,5800.00,-0.32,0.15,0.25,0.35,0.00,0.16
211217,6000.00,-0.37,0.10,0.20,0.30,0.00,0.17
211217,6200.00,-0.41,0.05,0.15,0.25,0.00,0.18
220131,1200.00,0.73,3160.20,3166.25,3172.30,0.00,0.83
220131,1400.00,0.68,2958.90,2964.95,2971.00,0.00,0.71
220131,1600.00,0.64,2763.00,2769.05,2775.10,0.00,0.69
220131,1800.00,0.59,2564.80,2570.85,2576.90,0.00,0.63
220131,1900.00,0.57,2465.80,2471.85,2477.90,0.00,0.61
220131,2000.00,0.54,2366.90,2372.95,2379.00,0.00,0.58
220131,2100.00,0.52,2268.20,2274.25,2280.30,0.00,0.56
220131,2200.00,0.50,2169.60,2175.65,2181.70,0.00,0.53
220131,2300.00,0.48,2071.10,2077.15,2083.20,0.00,0.51
220131,2400.00,0.45,1972.90,1978.95,1985.00,0.00,0.49
220131,2500.00,0.43,1874.90,1880.95,1887.00,0.00,0.47
220131,2600.00,0.41,1777.10,1783.15,1789.20,0.00,0.45
220131,2700.00,0.38,1679.20,1685.25,1691.30,0.00,0.43
220131,2800.00,0.36,1581.90,1587.95,1594.00,0.00,0.41
220131,2900.00,0.34,1485.80,1491.85,1497.90,0.00,0.40
220131,3000.00,0.32,1390.50,1395.95,1401.40,0.00,0.38
220131,3100.00,0.29,1295.40,1300.55,1305.70,0.00,0.36
220131,3200.00,0.27,1200.70,1205.60,1210.50,0.00,0.35
220131,3300.00,0.25,1106.90,1111.90,1116.90,0.00,0.33
220131,3350.00,0.24,1060.40,1064.90,1069.40,0.00,0.33
220131,3400.00,0.23,1018.00,1018.90,1019.80,0.00,0.32
220131,3450.00,0.21,971.90,972.80,973.70,0.00,0.31
220131,3500.00,0.20,926.10,927.05,928.00,0.00,0.30
220131,3525.00,0.20,903.40,904.35,905.30,0.00,0.30
220131,3550.00,0.19,880.70,881.65,882.60,0.00,0.30
220131,3575.00,0.19,858.10,859.05,860.00,0.00,0.29
220131,3600.00,0.18,835.60,836.60,837.60,0.00,0.29
220131,3625.00,0.17,813.20,814.20,815.20,0.00,0.29
220131,3650.00,0.17,790.90,791.95,793.00,0.00,0.28
220131,3675.00,0.16,768.80,769.80,770.80,0.00,0.28
220131,3700.00,0.16,746.70,747.70,748.70,0.00,0.28
220131,3725.00,0.15,724.70,725.75,726.80,0.00,0.27
220131,3750.00,0.15,702.90,703.95,705.00,0.00,0.27
220131,3775.00,0.14,681.20,682.25,683.30,0.00,0.27
220131,3800.00,0.13,659.60,660.65,661.70,0.00,0.26
220131,3825.00,0.13,638.10,639.15,640.20,0.00,0.26
220131,3850.00,0.12,616.70,617.80,618.90,0.00,0.26
220131,3875.00,0.12,595.50,596.60,597.70,0.00,0.25
220131,3900.00,0.11,574.40,575.50,576.60,0.00,0.25
220131,3925.00,0.11,553.50,554.60,555.70,0.00,0.25
220131,3950.00,0.10,532.70,533.80,534.90,0.00,0.24
220131,3975.00,0.09,512.10,513.20,514.30,0.00,0.24
220131,4000.00,0.09,491.60,492.75,493.90,0.00,0.23
220131,4025.00,0.08,471.30,472.45,473.60,0.00,0.23
220131,4050.00,0.08,451.20,452.35,453.50,0.00,0.23
220131,4075.00,0.07,431.30,432.45,433.60,0.00,0.22
220131,4100.00,0.07,411.50,412.65,413.80,418.00,0.22
220131,4125.00,0.06,392.00,393.15,394.30,0.00,0.22
220131,4150.00,0.05,372.70,373.85,375.00,0.00,0.21
220131,4175.00,0.05,353.60,354.80,356.00,0.00,0.21
220131,4200.00,0.04,334.90,336.05,337.20,348.00,0.21
220131,4225.00,0.04,316.40,317.55,318.70,0.00,0.20
220131,4250.00,0.03,298.20,299.40,300.60,0.00,0.20
220131,4275.00,0.03,280.40,281.55,282.70,0.00,0.19
220131,4300.00,0.02,262.90,264.10,265.30,0.00,0.19
220131,4325.00,0.01,245.80,247.00,248.20,0.00,0.19
220131,4350.00,0.01,229.20,230.40,231.60,0.00,0.18
220131,4375.00,0.00,213.00,214.15,215.30,0.00,0.18
220131,4400.00,0.00,197.20,198.40,199.60,202.30,0.18
220131,4425.00,-0.01,181.90,183.10,184.30,0.00,0.17
220131,4450.00,-0.01,167.20,168.40,169.60,0.00,0.17
220131,4475.00,-0.02,153.10,154.25,155.40,0.00,0.17
220131,4500.00,-0.03,139.60,140.75,141.90,0.00,0.16
220131,4525.00,-0.03,126.70,127.85,129.00,0.00,0.16
220131,4550.00,-0.04,114.50,115.65,116.80,0.00,0.16
220131,4575.00,-0.04,103.00,104.15,105.30,0.00,0.15
220131,4600.00,-0.05,92.30,93.40,94.50,0.00,0.15
220131,4625.00,-0.05,82.30,83.40,84.50,0.00,0.15
220131,4650.00,-0.06,73.10,74.15,75.20,0.00,0.14
220131,4675.00,-0.07,64.70,65.70,66.70,0.00,0.14
220131,4700.00,-0.07,56.60,58.00,59.40,0.00,0.14
220131,4725.00,-0.08,49.70,51.05,52.40,0.00,0.14
220131,4750.00,-0.08,43.40,44.75,46.10,0.00,0.14
220131,4775.00,-0.09,37.90,39.20,40.50,0.00,0.13
220131,4800.00,-0.09,33.00,34.25,35.50,0.00,0.13
220131,4825.00,-0.10,29.50,29.95,30.40,0.00,0.13
220131,4850.00,-0.11,25.70,26.20,26.70,0.00,0.13
220131,4900.00,-0.12,19.50,19.95,20.40,0.00,0.13
220131,5000.00,-0.14,11.30,11.65,12.00,0.00,0.13
220131,5100.00,-0.16,6.50,6.85,7.20,0.00,0.13
220131,5200.00,-0.19,3.80,4.05,4.30,0.00,0.13
220131,5300.00,-0.21,2.30,2.50,2.70,0.00,0.13
220131,5400.00,-0.23,1.45,1.65,1.85,0.00,0.13
220131,5500.00,-0.25,0.95,1.13,1.30,0.00,0.13
220131,5600.00,-0.28,0.65,0.83,1.00,0.00,0.14
220131,5700.00,-0.30,0.45,0.63,0.80,0.00,0.14
220131,5800.00,-0.32,0.30,0.48,0.65,0.00,0.15
220131,6000.00,-0.37,0.15,0.33,0.50,0.00,0.16
220131,6200.00,-0.41,0.10,0.28,0.45,0.00,0.17
220331,1200.00,0.73,3155.10,3157.65,3160.20,3155.20,0.73
220331,1400.00,0.68,2956.90,2959.45,2962.00,0.00,0.67
220331,1600.00,0.64,2759.00,2761.50,2764.00,0.00,0.61
220331,1800.00,0.59,2561.50,2564.00,2566.50,0.00,0.56
220331,1900.00,0.57,2462.90,2465.40,2467.90,0.00,0.54
220331,2000.00,0.54,2364.60,2367.10,2369.60,0.00,0.52
220331,2100.00,0.52,2266.40,2268.90,2271.40,0.00,0.50
220331,2200.00,0.50,2168.50,2170.95,2173.40,0.00,0.48
220331,2300.00,0.48,2070.80,2073.25,2075.70,0.00,0.46
220331,2400.00,0.45,1973.40,1975.85,1978.30,0.00,0.45
220331,2500.00,0.43,1876.40,1878.80,1881.20,0.00,0.43
220331,2600.00,0.41,1779.70,1782.10,1784.50,0.00,0.41
220331,2700.00,0.38,1683.50,1685.85,1688.20,0.00,0.40
220331,2800.00,0.36,1587.80,1590.15,1592.50,0.00,0.38
220331,2900.00,0.34,1492.70,1495.00,1497.30,0.00,0.37
220331,3000.00,0.32,1398.30,1400.60,1402.90,994.36,0.36
220331,3100.00,0.29,1304.70,1306.95,1309.20,0.00,0.34
220331,3200.00,0.27,1212.00,1214.25,1216.50,991.36,0.33
220331,3300.00,0.25,1120.40,1122.60,1124.80,950.85,0.32
220331,3350.00,0.24,1075.00,1077.15,1079.30,710.64,0.31
220331,3400.00,0.23,1029.90,1032.05,1034.20,841.66,0.31
220331,3450.00,0.21,985.10,987.25,989.40,894.00,0.30
220331,3500.00,0.20,940.70,942.80,944.90,614.46,0.29
220331,3525.00,0.20,918.60,920.70,922.80,0.00,0.29
220331,3550.00,0.19,896.70,898.75,900.80,0.00,0.29
220331,3575.00,0.19,874.80,876.85,878.90,0.00,0.29
220331,3600.00,0.18,853.00,855.00,857.00,722.00,0.28
220331,3625.00,0.17,831.30,833.30,835.30,0.00,0.28
220331,3650.00,0.17,809.70,811.70,813.70,636.75,0.28
220331,3675.00,0.16,788.20,790.20,792.20,451.50,0.27
220331,3700.00,0.16,766.80,768.75,770.70,635.70,0.27
220331,3725.00,0.15,745.50,747.45,749.40,565.42,0.27
220331,3750.00,0.15,724.40,726.30,728.20,748.46,0.26
220331,3775.00,0.14,703.30,705.25,707.20,533.52,0.26
220331,3800.00,0.13,682.40,684.30,686.20,554.60,0.26
220331,3825.00,0.13,661.60,663.50,665.40,535.35,0.25
220331,3850.00,0.12,640.90,642.75,644.60,514.75,0.25
220331,3875.00,0.12,620.40,622.20,624.00,496.70,0.25
220331,3900.00,0.11,600.00,601.80,603.60,475.90,0.25
220331,3925.00,0.11,579.70,581.50,583.30,299.70,0.24
220331,3950.00,0.10,559.60,561.35,563.10,440.30,0.24
220331,3975.00,0.09,539.60,541.35,543.10,549.30,0.24
220331,4000.00,0.09,519.80,521.50,523.20,530.72,0.23
220331,4025.00,0.08,500.10,501.80,503.50,521.37,0.23
220331,4050.00,0.08,480.60,482.30,484.00,484.94,0.23
220331,4075.00,0.07,461.30,462.95,464.60,464.45,0.22
220331,4100.00,0.07,442.20,443.80,445.40,465.96,0.22
220331,4125.00,0.06,423.30,424.90,426.50,430.11,0.22
220331,4150.00,0.05,404.60,406.15,407.70,397.87,0.21
220331,4175.00,0.05,386.10,387.65,389.20,391.50,0.21
220331,4200.00,0.04,367.90,369.40,370.90,376.11,0.21
220331,4225.00,0.04,349.90,351.35,352.80,353.65,0.20
220331,4250.00,0.03,332.10,333.55,335.00,351.13,0.20
220331,4275.00,0.03,314.70,316.10,317.50,324.66,0.20
220331,4300.00,0.02,297.60,298.95,300.30,313.57,0.19
220331,4325.00,0.01,280.80,282.15,283.50,295.46,0.19
220331,4350.00,0.01,264.30,265.65,267.00,274.89,0.19
220331,4375.00,0.00,248.30,249.55,250.80,258.61,0.18
220331,4400.00,0.00,232.60,233.85,235.10,236.40,0.18
220331,4425.00,-0.01,217.40,218.60,219.80,220.79,0.18
220331,4450.00,-0.01,202.60,203.75,204.90,218.61,0.18
220331,4475.00,-0.02,188.30,189.45,190.60,201.18,0.17
220331,4500.00,-0.03,174.50,175.60,176.70,177.36,0.17
220331,4525.00,-0.03,161.30,162.35,163.40,164.00,0.17
220331,4550.00,-0.04,148.60,149.60,150.60,162.14,0.16
220331,4575.00,-0.04,136.50,137.50,138.50,140.70,0.16
220331,4600.00,-0.05,125.10,126.00,126.90,137.98,0.16
220331,4625.00,-0.05,114.20,115.10,116.00,115.95,0.16
220331,4650.00,-0.06,104.10,104.95,105.80,116.82,0.15
220331,4675.00,-0.07,94.50,95.30,96.10,97.10,0.15
220331,4700.00,-0.07,85.60,86.40,87.20,90.65,0.15
220331,4725.00,-0.08,77.40,78.15,78.90,80.17,0.15
220331,4750.00,-0.08,69.80,70.50,71.20,71.86,0.14
220331,4775.00,-0.09,62.80,63.45,64.10,65.35,0.14
220331,4800.00,-0.09,56.40,57.05,57.70,59.53,0.14
220331,4825.00,-0.10,50.60,51.20,51.80,51.61,0.14
220331,4850.00,-0.11,45.30,45.90,46.50,53.18,0.14
220331,4900.00,-0.12,36.30,36.85,37.40,38.35,0.14
220331,5000.00,-0.14,23.30,23.75,24.20,24.75,0.13
220331,5100.00,-0.16,15.00,15.35,15.70,17.60,0.13
220331,5200.00,-0.19,9.70,10.00,10.30,10.32,0.13
220331,5300.00,-0.21,6.20,6.55,6.90,6.99,0.13
220331,5400.00,-0.23,4.00,4.35,4.70,4.44,0.13
220331,5500.00,-0.25,2.70,3.00,3.30,3.09,0.13
220331,5600.00,-0.28,1.90,2.15,2.40,1.30,0.14
220331,5700.00,-0.30,1.35,1.58,1.80,1.35,0.14
220331,5800.00,-0.32,1.00,1.23,1.45,1.93,0.14
220331,6000.00,-0.37,0.60,0.80,1.00,0.61,0.15
220331,6200.00,-0.41,0.35,0.55,0.75,1.00,0.16