Date;IV;Delta;Gamma;Theta;Vega;IV Skew;Strike
09/27/21;94.91;10000;0;0;0;73.08;13.25
09/27/21;92.29;10000;0;0;0;70.46;13.5
09/27/21;89.71;10000;0;0;0;67.88;13.75
09/27/21;87.18;10000;0;0;0;65.35;14
09/27/21;84.69;10000;0;0;0;62.86;14.25
09/27/21;82.23;10000;0;0;0;60.39;14.5
09/27/21;79.82;10000;0;0;0;57.99;14.75
09/27/21;77.45;10000;0;0;0;55.62;15
09/27/21;75.11;10000;0;0;0;53.28;15.25
09/27/21;72.79;10000;0;0;0;50.96;15.5
09/27/21;70.54;10000;0;0;0;48.71;15.75
09/27/21;68.3;10000;0;0;0;46.46;16
09/27/21;66.08;10000;0;0;0;44.25;16.25
09/27/21;63.92;10000;0;0;0;42.08;16.5
09/27/21;61.76;10000;0;0;0;39.93;16.75
09/27/21;59.64;10000;0;0;0;37.81;17
09/27/21;57.56;10000;0;0;0;35.73;17.25
09/27/21;55.49;10000;0;0;0;33.66;17.5
09/27/21;53.44;10000;0;0;0;31.61;17.75
09/27/21;51.42;10000;0;0;0;29.59;18
09/27/21;50.15;10000;0;0;0;28.31;18.25
09/27/21;48.15;10000;0;0;0;26.32;18.5
09/27/21;46.18;9999;1;0;0;24.35;18.75
09/27/21;44.82;9999;1;0;0;22.99;19
09/27/21;42.87;9999;2;0;0;21.03;19.25
09/27/21;41.45;9998;4;0;0;19.61;19.5
09/27/21;39.98;9996;8;0;1;18.15;19.75
09/27/21;38.46;9992;15;-1;2;16.63;20
09/27/21;36.91;9986;27;-2;3;15.08;20.25
09/27/21;35.67;9975;45;-3;5;13.83;20.5
09/27/21;34.02;9957;73;-4;8;12.19;20.75
09/27/21;32.91;9930;114;-7;13;11.07;21
09/27/21;31.96;9907;147;-8;16;10.13;21.15
09/27/21;31.81;9898;159;-9;18;9.97;21.2
09/27/21;31.65;9888;172;-10;19;9.81;21.25
09/27/21;31.47;9878;186;-11;21;9.64;21.3
09/27/21;31.06;9866;201;-12;22;9.23;21.35
09/27/21;30.88;9854;217;-13;24;9.04;21.4
09/27/21;30.68;9841;233;-13;26;8.85;21.45
09/27/21;30.48;9827;251;-14;28;8.65;21.5
09/27/21;30.26;9812;269;-16;30;8.43;21.55
09/27/21;30.05;9796;289;-17;32;8.21;21.6
09/27/21;29.82;9779;309;-18;34;7.99;21.65
09/27/21;29.58;9761;331;-19;36;7.75;21.7
09/27/21;29.34;9741;353;-20;39;7.51;21.75
09/27/21;29.09;9721;377;-22;42;7.26;21.8
09/27/21;29.01;9698;402;-23;44;7.17;21.85
09/27/21;28.74;9675;427;-25;47;6.91;21.9
09/27/21;28.62;9650;454;-26;50;6.79;21.95
09/27/21;28.34;9624;482;-28;53;6.51;22
09/27/21;28.2;9596;511;-30;56;6.37;22.05
09/27/21;27.91;9566;541;-31;60;6.08;22.1
09/27/21;27.75;9535;572;-33;63;5.91;22.15
09/27/21;27.57;9502;605;-35;67;5.74;22.2
09/27/21;27.26;9467;638;-37;70;5.42;22.25
09/27/21;27.06;9431;672;-39;74;5.23;22.3
09/27/21;26.86;9393;707;-41;78;5.03;22.35
09/27/21;26.64;9352;744;-43;82;4.81;22.4
09/27/21;26.53;9310;781;-45;86;4.7;22.45
09/27/21;26.29;9266;819;-47;90;4.46;22.5
09/27/21;26.04;9220;858;-50;95;4.21;22.55
09/27/21;25.89;9172;898;-52;99;4.06;22.6
09/27/21;25.72;9122;938;-54;103;3.89;22.65
09/27/21;25.54;9069;979;-57;108;3.71;22.7
09/27/21;25.35;9015;1021;-59;113;3.51;22.75
09/27/21;25.14;8958;1064;-61;117;3.31;22.8
09/27/21;25.01;8899;1107;-64;122;3.17;22.85
09/27/21;24.77;8838;1151;-66;127;2.94;22.9
09/27/21;24.61;8774;1194;-69;132;2.78;22.95
09/27/21;24.43;8709;1239;-72;137;2.6;23
09/27/21;24.31;8641;1283;-74;142;2.48;23.05
09/27/21;24.11;8571;1328;-77;146;2.27;23.1
09/27/21;24.03;8498;1373;-79;151;2.19;23.15
09/27/21;23.86;8424;1418;-82;156;2.03;23.2
09/27/21;23.74;8347;1462;-84;161;1.91;23.25
09/27/21;23.6;8268;1507;-87;166;1.77;23.3
09/27/21;23.44;8186;1551;-90;171;1.61;23.35
09/27/21;23.33;8103;1595;-92;176;1.5;23.4
09/27/21;23.2;8017;1638;-95;181;1.37;23.45
09/27/21;23.1;7930;1681;-97;185;1.27;23.5
09/27/21;22.99;7840;1724;-100;190;1.16;23.55
09/27/21;22.91;7748;1765;-102;195;1.08;23.6
09/27/21;22.8;7655;1806;-104;199;0.97;23.65
09/27/21;22.67;7559;1846;-107;204;0.84;23.7
09/27/21;22.58;7461;1885;-109;208;0.75;23.75
09/27/21;22.51;7362;1923;-111;212;0.68;23.8
09/27/21;22.46;7261;1959;-113;216;0.63;23.85
09/27/21;22.34;7159;1995;-115;220;0.51;23.9
09/27/21;22.3;7054;2029;-117;224;0.46;23.95
09/27/21;22.22;6949;2061;-119;227;0.39;24
09/27/21;22.17;6841;2093;-121;231;0.34;24.05
09/27/21;22.13;6733;2122;-123;234;0.3;24.1
09/27/21;22.07;6623;2150;-124;237;0.24;24.15
09/27/21;22.03;6512;2177;-126;240;0.19;24.2
09/27/21;22;6400;2201;-127;243;0.16;24.25
09/27/21;21.98;6287;2224;-129;245;0.15;24.3
09/27/21;21.94;6173;2245;-130;248;0.11;24.35
09/27/21;21.91;6058;2264;-131;250;0.08;24.4
09/27/21;21.89;5943;2281;-132;252;0.06;24.45
09/27/21;21.89;5827;2297;-133;253;0.06;24.5
09/27/21;21.9;5711;2310;-134;255;0.07;24.55
09/27/21;21.88;5594;2321;-134;256;0.05;24.6
09/27/21;21.91;5477;2331;-135;257;0.08;24.65
09/27/21;21.92;5360;2338;-135;258;0.09;24.7
09/27/21;21.93;5242;2343;-136;258;0.1;24.75
09/27/21;21.96;5125;2346;-136;259;0.13;24.8
09/27/21;22;5008;2347;-136;259;0.17;24.85
09/27/21;22.05;4891;2346;-136;259;0.22;24.9
09/27/21;22.08;4774;2344;-136;258;0.24;24.95
09/27/21;22.15;4658;2339;-135;258;0.32;25
09/27/21;22.2;4542;2332;-135;257;0.37;25.05
09/27/21;22.26;4427;2323;-134;256;0.43;25.1
09/27/21;22.34;4313;2312;-134;255;0.51;25.15
09/27/21;22.43;4199;2300;-133;254;0.6;25.2
09/27/21;22.5;4086;2286;-132;252;0.67;25.25
09/27/21;22.58;3975;2269;-131;250;0.75;25.3
09/27/21;22.68;3864;2252;-130;248;0.85;25.35
09/27/21;22.76;3754;2232;-129;246;0.93;25.4
09/27/21;22.86;3646;2211;-128;244;1.03;25.45
09/27/21;22.93;3539;2188;-127;241;1.1;25.5
09/27/21;23.03;3433;2164;-125;239;1.19;25.55
09/27/21;23.14;3329;2138;-124;236;1.31;25.6
09/27/21;23.24;3226;2111;-122;233;1.41;25.65
09/27/21;23.36;3125;2083;-121;230;1.53;25.7
09/27/21;23.46;3025;2054;-119;226;1.63;25.75
09/27/21;23.58;2927;2023;-117;223;1.75;25.8
09/27/21;23.69;2831;1991;-115;220;1.86;25.85
09/27/21;23.83;2736;1958;-113;216;1.99;25.9
09/27/21;23.94;2643;1925;-111;212;2.11;25.95
09/27/21;24.04;2552;1890;-109;208;2.21;26
09/27/21;24.18;2463;1855;-107;205;2.34;26.05
09/27/21;24.34;2376;1819;-105;201;2.51;26.1
09/27/21;24.5;2290;1782;-103;197;2.66;26.15
09/27/21;24.63;2207;1745;-101;192;2.8;26.2
09/27/21;24.75;2125;1708;-99;188;2.92;26.25
09/27/21;24.91;2046;1670;-97;184;3.08;26.3
09/27/21;25.06;1968;1631;-95;180;3.23;26.35
09/27/21;25.25;1892;1593;-92;176;3.42;26.4
09/27/21;25.43;1818;1554;-90;171;3.6;26.45
09/27/21;25.6;1746;1515;-88;167;3.76;26.5
09/27/21;25.75;1676;1476;-86;163;3.92;26.55
09/27/21;25.89;1609;1437;-83;158;4.06;26.6
09/27/21;26.08;1543;1398;-81;154;4.25;26.65
09/27/21;26.27;1479;1359;-79;150;4.44;26.7
09/27/21;26.44;1416;1320;-77;146;4.61;26.75
09/27/21;26.6;1356;1282;-74;141;4.77;26.8
09/27/21;26.82;1298;1243;-72;137;4.99;26.85
09/27/21;26.96;1241;1205;-70;133;5.13;26.9
09/27/21;27.16;1187;1168;-68;129;5.33;26.95
09/27/21;27.35;1134;1131;-66;125;5.52;27
09/27/21;28.27;896;952;-55;105;6.43;27.25
09/27/21;29.14;699;789;-46;87;7.3;27.5
09/27/21;30;539;644;-38;71;8.17;27.75
09/27/21;30.79;410;517;-30;57;8.96;28
09/27/21;31.65;308;409;-24;45;9.82;28.25
09/27/21;32.49;229;319;-19;35;10.66;28.5
09/27/21;33.34;168;246;-15;27;11.51;28.75
09/27/21;34.24;122;186;-11;21;12.41;29
09/27/21;35.03;87;139;-8;15;13.2;29.25
09/27/21;35.9;62;103;-6;11;14.07;29.5
09/27/21;36.69;43;75;-5;8;14.86;29.75
09/27/21;37.38;30;54;-3;6;15.55;30
09/27/21;38.22;21;39;-3;4;16.39;30.25
09/27/21;38.99;14;27;-2;3;17.16;30.5
09/27/21;39.69;9;19;-1;2;17.86;30.75
09/27/21;40.3;6;13;-1;1;18.47;31
09/27/21;41.17;4;9;-1;1;19.34;31.25
09/27/21;41.63;3;6;-1;1;19.8;31.5
09/27/21;42.39;2;4;-1;0;20.56;31.75
09/27/21;43.53;1;3;-1;0;21.7;32
09/27/21;44.21;1;2;0;0;22.38;32.25
09/27/21;44.85;0;1;0;0;23.02;32.5
09/27/21;45.94;0;1;0;0;24.1;32.75
09/27/21;46.49;0;0;0;0;24.66;33
09/27/21;47.54;0;0;0;0;25.71;33.25
09/27/21;48.02;0;0;0;0;26.18;33.5
09/27/21;49.03;0;0;0;0;27.2;33.75
09/27/21;49.41;0;0;0;0;27.58;34
09/27/21;50.41;0;0;0;0;28.58;34.25
09/27/21;50.69;0;0;0;0;28.86;34.5
09/27/21;51.64;0;0;0;0;29.81;34.75
09/27/21;51.8;0;0;0;0;29.97;35
09/27/21;52.74;0;0;0;0;30.91;35.25
09/27/21;53.66;0;0;0;0;31.83;35.5
09/27/21;53.66;0;0;0;0;31.83;35.75
09/27/21;54.56;0;0;0;0;32.72;36
09/27/21;55.43;0;0;0;0;33.6;36.25
09/27/21;55.24;0;0;0;0;33.41;36.5
09/27/21;56.09;0;0;0;0;34.26;36.75
09/27/21;56.94;0;0;0;0;35.11;37
09/27/21;57.79;0;0;0;0;35.96;37.25
09/27/21;57.32;0;0;0;0;35.49;37.5
09/27/21;58.14;0;0;0;0;36.31;37.75
09/27/21;58.94;0;0;0;0;37.1;38
09/27/21;59.73;0;0;0;0;37.89;38.25
09/27/21;60.52;0;0;0;0;38.69;38.5
09/27/21;63.42;0;0;0;0;41.59;40
09/27/21;74.43;0;0;-1;0;52.6;45
09/27/21;86.04;0;0;-1;0;64.2;50
10/26/21;64.94;9999;0;0;0;+41.18;13.25
10/26/21;63.14;9999;0;0;0;+39.38;13.5
10/26/21;61.37;9999;0;0;0;+37.61;13.75
10/26/21;59.62;9999;0;0;0;+35.86;14
10/26/21;57.91;9999;0;0;0;+34.15;14.25
10/26/21;56.23;9999;0;0;0;+32.46;14.5
10/26/21;54.57;9999;0;0;0;+30.81;14.75
10/26/21;52.94;9999;0;0;0;+29.18;15
10/26/21;52.01;9999;0;0;0;+28.25;15.25
10/26/21;50.42;9999;0;0;0;+26.66;15.5
10/26/21;48.84;9999;0;0;0;+25.08;15.75
10/26/21;47.87;9999;0;0;0;+24.11;16
10/26/21;46.32;9999;0;0;0;+22.56;16.25
10/26/21;45.31;9999;0;0;0;+21.55;16.5
10/26/21;43.8;9999;1;0;0;+20.04;16.75
10/26/21;42.76;9999;1;0;0;+19.00;17
10/26/21;41.69;9998;2;0;0;+17.93;17.25
10/26/21;40.6;9997;3;0;1;+16.83;17.5
10/26/21;39.48;9996;5;0;1;+15.71;17.75
10/26/21;38.34;9993;9;-1;2;+14.58;18
10/26/21;37.18;9989;13;-1;3;+13.42;18.25
10/26/21;36.3;9984;20;-1;5;+12.54;18.5
10/26/21;35.35;9976;30;-2;7;+11.59;18.75
10/26/21;34.58;9964;43;-2;10;+10.82;19
10/26/21;33.73;9947;60;-3;14;+9.97;19.25
10/26/21;32.81;9925;82;-5;20;+9.05;19.5
10/26/21;32;9895;111;-6;26;+8.24;19.75
10/26/21;31.25;9854;147;-8;35;+7.49;20
10/26/21;30.53;9803;191;-11;46;+6.77;20.25
10/26/21;29.83;9737;244;-14;58;+6.06;20.5
10/26/21;29.11;9654;306;-18;73;+5.35;20.75
10/26/21;28.37;9553;377;-22;90;+4.61;21
10/26/21;28.01;9483;424;-24;101;+4.24;21.15
10/26/21;27.84;9457;440;-25;105;+4.08;21.2
10/26/21;27.68;9431;457;-26;109;+3.92;21.25
10/26/21;27.59;9404;474;-27;113;+3.83;21.3
10/26/21;27.41;9376;491;-28;117;+3.65;21.35
10/26/21;27.31;9347;509;-29;121;+3.54;21.4
10/26/21;27.19;9317;527;-30;126;+3.43;21.45
10/26/21;27;9286;545;-32;130;+3.24;21.5
10/26/21;26.88;9254;564;-33;134;+3.12;21.55
10/26/21;26.75;9221;583;-34;139;+2.99;21.6
10/26/21;26.68;9187;602;-35;143;+2.92;21.65
10/26/21;26.53;9152;621;-36;148;+2.77;21.7
10/26/21;26.38;9116;641;-37;153;+2.62;21.75
10/26/21;26.29;9079;661;-38;157;+2.53;21.8
10/26/21;26.19;9041;681;-39;162;+2.43;21.85
10/26/21;26.08;9002;701;-41;167;+2.32;21.9
10/26/21;25.96;8961;722;-42;172;+2.20;21.95
10/26/21;25.9;8920;743;-43;177;+2.13;22
10/26/21;25.76;8878;763;-44;182;+2.00;22.05
10/26/21;25.68;8834;784;-45;187;+1.92;22.1
10/26/21;25.58;8790;805;-47;192;+1.82;22.15
10/26/21;25.48;8744;827;-48;197;+1.72;22.2
10/26/21;25.42;8697;848;-49;202;+1.66;22.25
10/26/21;25.31;8650;869;-50;207;+1.54;22.3
10/26/21;25.23;8601;890;-51;212;+1.47;22.35
10/26/21;25.14;8551;912;-53;217;+1.38;22.4
10/26/21;25.04;8500;933;-54;222;+1.28;22.45
10/26/21;24.94;8448;955;-55;227;+1.18;22.5
10/26/21;24.87;8395;976;-56;232;+1.11;22.55
10/26/21;24.79;8340;997;-58;238;+1.03;22.6
10/26/21;24.7;8285;1018;-59;243;+0.94;22.65
10/26/21;24.61;8229;1040;-60;248;+0.84;22.7
10/26/21;24.54;8172;1061;-61;253;+0.78;22.75
10/26/21;24.47;8113;1081;-62;258;+0.70;22.8
10/26/21;24.42;8054;1102;-64;263;+0.66;22.85
10/26/21;24.37;7994;1123;-65;267;+0.60;22.9
10/26/21;24.3;7933;1143;-66;272;+0.54;22.95
10/26/21;24.26;7870;1163;-67;277;+0.50;23
10/26/21;24.21;7807;1183;-68;282;+0.45;23.05
10/26/21;24.14;7743;1203;-70;286;+0.38;23.1
10/26/21;24.11;7678;1222;-71;291;+0.35;23.15
10/26/21;24.06;7612;1241;-72;296;+0.30;23.2
10/26/21;24;7545;1260;-73;300;+0.24;23.25
10/26/21;23.96;7478;1278;-74;304;+0.20;23.3
10/26/21;23.91;7410;1296;-75;309;+0.15;23.35
10/26/21;23.89;7340;1314;-76;313;+0.13;23.4
10/26/21;23.85;7270;1331;-77;317;+0.09;23.45
10/26/21;23.8;7200;1348;-78;321;+0.04;23.5
10/26/21;23.77;7128;1364;-79;325;+0.01;23.55
10/26/21;23.73;7056;1380;-80;329;-0.03;23.6
10/26/21;23.71;6983;1395;-81;332;-0.05;23.65
10/26/21;23.67;6910;1410;-82;336;-0.09;23.7
10/26/21;23.66;6836;1425;-82;339;-0.10;23.75
10/26/21;23.66;6761;1439;-83;343;-0.10;23.8
10/26/21;23.65;6686;1452;-84;346;-0.11;23.85
10/26/21;23.63;6610;1465;-85;349;-0.13;23.9
10/26/21;23.62;6534;1477;-85;352;-0.14;23.95
10/26/21;23.63;6457;1489;-86;355;-0.13;24
10/26/21;23.63;6380;1501;-87;357;-0.13;24.05
10/26/21;23.64;6302;1511;-87;360;-0.12;24.1
10/26/21;23.64;6224;1521;-88;362;-0.12;24.15
10/26/21;23.63;6146;1531;-89;365;-0.13;24.2
10/26/21;23.67;6068;1540;-89;367;-0.10;24.25
10/26/21;23.66;5989;1548;-90;369;-0.10;24.3
10/26/21;23.66;5910;1555;-90;371;-0.10;24.35
10/26/21;23.69;5830;1562;-90;372;-0.07;24.4
10/26/21;23.7;5751;1569;-91;374;-0.06;24.45
10/26/21;23.72;5671;1574;-91;375;-0.04;24.5
10/26/21;23.73;5592;1579;-91;376;-0.03;24.55
10/26/21;23.76;5512;1584;-92;377;unch;24.6
10/26/21;23.78;5432;1588;-92;378;+0.02;24.65
10/26/21;23.81;5352;1591;-92;379;+0.05;24.7
10/26/21;23.83;5272;1593;-92;380;+0.06;24.75
10/26/21;23.86;5193;1595;-92;380;+0.10;24.8
10/26/21;23.88;5113;1596;-92;380;+0.12;24.85
10/26/21;23.92;5033;1597;-92;380;+0.16;24.9
10/26/21;23.97;4954;1597;-92;380;+0.21;24.95
10/26/21;24.01;4875;1596;-92;380;+0.25;25
10/26/21;24.04;4796;1595;-92;380;+0.28;25.05
10/26/21;24.08;4717;1593;-92;379;+0.32;25.1
10/26/21;24.14;4638;1591;-92;379;+0.38;25.15
10/26/21;24.19;4560;1587;-92;378;+0.43;25.2
10/26/21;24.23;4482;1584;-92;377;+0.47;25.25
10/26/21;24.31;4404;1579;-91;376;+0.55;25.3
10/26/21;24.35;4327;1574;-91;375;+0.59;25.35
10/26/21;24.41;4250;1569;-91;374;+0.65;25.4
10/26/21;24.49;4174;1563;-90;372;+0.73;25.45
10/26/21;24.55;4098;1556;-90;371;+0.79;25.5
10/26/21;24.61;4023;1549;-90;369;+0.85;25.55
10/26/21;24.68;3948;1541;-89;367;+0.92;25.6
10/26/21;24.75;3873;1533;-89;365;+0.99;25.65
10/26/21;24.83;3800;1524;-88;363;+1.07;25.7
10/26/21;24.9;3726;1515;-88;361;+1.14;25.75
10/26/21;24.97;3654;1505;-87;359;+1.21;25.8
10/26/21;25.05;3582;1495;-87;356;+1.29;25.85
10/26/21;25.13;3510;1484;-86;354;+1.36;25.9
10/26/21;25.22;3440;1473;-85;351;+1.46;25.95
10/26/21;25.3;3370;1462;-85;348;+1.54;26
10/26/21;25.38;3300;1450;-84;345;+1.62;26.05
10/26/21;25.45;3232;1438;-83;342;+1.69;26.1
10/26/21;25.54;3164;1425;-83;339;+1.78;26.15
10/26/21;25.65;3097;1412;-82;336;+1.89;26.2
10/26/21;25.72;3030;1398;-81;333;+1.96;26.25
10/26/21;25.82;2964;1384;-80;330;+2.06;26.3
10/26/21;25.9;2900;1370;-79;326;+2.14;26.35
10/26/21;25.98;2836;1356;-79;323;+2.22;26.4
10/26/21;26.09;2772;1341;-78;319;+2.33;26.45
10/26/21;26.18;2710;1326;-77;316;+2.42;26.5
10/26/21;26.27;2648;1311;-76;312;+2.51;26.55
10/26/21;26.39;2587;1295;-75;309;+2.63;26.6
10/26/21;26.46;2527;1280;-74;305;+2.70;26.65
10/26/21;26.56;2468;1264;-73;301;+2.80;26.7
10/26/21;26.69;2410;1247;-72;297;+2.93;26.75
10/26/21;26.78;2353;1231;-71;293;+3.02;26.8
10/26/21;26.89;2296;1215;-70;289;+3.13;26.85
10/26/21;27;2241;1198;-70;285;+3.24;26.9
10/26/21;27.1;2186;1181;-69;281;+3.34;26.95
10/26/21;27.2;2132;1164;-68;277;+3.44;27
10/26/21;27.74;1876;1078;-63;257;+3.97;27.25
10/26/21;28.32;1641;990;-58;236;+4.56;27.5
10/26/21;28.91;1429;904;-53;215;+5.15;27.75
10/26/21;29.46;1238;818;-48;195;+5.70;28
10/26/21;30.05;1066;736;-43;175;+6.29;28.25
10/26/21;30.68;914;658;-38;157;+6.92;28.5
10/26/21;31.27;780;584;-34;139;+7.51;28.75
10/26/21;31.84;662;515;-30;123;+8.08;29
10/26/21;32.44;559;451;-26;107;+8.68;29.25
10/26/21;33.03;470;393;-23;94;+9.26;29.5
10/26/21;33.68;394;340;-20;81;+9.92;29.75
10/26/21;34.27;328;293;-17;70;+10.51;30
10/26/21;34.88;272;251;-15;60;+11.12;30.25
10/26/21;35.44;225;214;-13;51;+11.68;30.5
10/26/21;36.03;185;181;-11;43;+12.26;30.75
10/26/21;36.64;151;153;-9;36;+12.88;31
10/26/21;37.22;123;128;-8;31;+13.46;31.25
10/26/21;37.85;100;107;-7;25;+14.09;31.5
10/26/21;38.35;81;89;-6;21;+14.59;31.75
10/26/21;39;65;73;-5;17;+15.24;32
10/26/21;39.52;52;60;-4;14;+15.76;32.25
10/26/21;40.11;42;50;-3;12;+16.35;32.5
10/26/21;40.68;33;40;-3;10;+16.91;32.75
10/26/21;41.21;27;33;-2;8;+17.45;33
10/26/21;41.71;21;27;-2;6;+17.95;33.25
10/26/21;42.31;17;21;-2;5;+18.55;33.5
10/26/21;42.76;13;17;-1;4;+19.00;33.75
10/26/21;43.31;10;14;-1;3;+19.55;34
10/26/21;43.84;8;11;-1;3;+20.08;34.25
10/26/21;44.35;6;9;-1;2;+20.59;34.5
10/26/21;44.83;5;7;-1;2;+21.07;34.75
10/26/21;45.29;4;5;-1;1;+21.53;35
10/26/21;45.89;3;4;-1;1;+22.13;35.25
10/26/21;46.31;2;3;-1;1;+22.55;35.5
10/26/21;46.88;2;3;-1;1;+23.12;35.75
10/26/21;47.26;1;2;-1;0;+23.50;36
10/26/21;47.79;1;2;-1;0;+24.03;36.25
10/26/21;48.13;1;1;-1;0;+24.36;36.5
10/26/21;48.63;1;1;-1;0;+24.87;36.75
10/26/21;49.11;0;1;0;0;+25.35;37
10/26/21;49.59;0;1;0;0;+25.83;37.25
10/26/21;50.05;0;0;0;0;+26.29;37.5
10/26/21;50.49;0;0;0;0;+26.73;37.75
10/26/21;50.92;0;0;0;0;+27.16;38
10/26/21;51.34;0;0;0;0;+27.58;38.25
10/26/21;51.74;0;0;0;0;+27.98;38.5
10/26/21;54.09;0;0;0;0;+30.33;40
10/26/21;61.59;0;0;-1;0;+37.83;45
10/26/21;69.1;0;0;-1;0;+45.34;50
11/23/21;99.42;9999;0;0;0;+74.48;7.25
11/23/21;96.76;9999;0;0;0;+71.81;7.5
11/23/21;94.18;9999;0;0;0;+69.24;7.75
11/23/21;91.69;9999;0;0;0;+66.75;8
11/23/21;89.27;9999;0;0;0;+64.33;8.25
11/23/21;86.93;9999;0;0;0;+61.98;8.5
11/23/21;84.66;9999;0;0;0;+59.71;8.75
11/23/21;82.46;9999;0;0;0;+57.52;9
11/23/21;80.32;9999;0;0;0;+55.38;9.25
11/23/21;78.23;9999;0;0;0;+53.28;9.5
11/23/21;76.19;9999;0;0;0;+51.25;9.75
11/23/21;74.23;9999;0;0;0;+49.28;10
11/23/21;72.29;9999;0;0;0;+47.35;10.25
11/23/21;70.42;9999;0;0;0;+45.48;10.5
11/23/21;68.57;9999;0;0;0;+43.63;10.75
11/23/21;66.79;9999;0;0;0;+41.84;11
11/23/21;65.03;9999;0;0;0;+40.09;11.25
11/23/21;63.33;9999;0;0;0;+38.39;11.5
11/23/21;62.44;9999;0;0;0;+37.49;11.75
11/23/21;60.78;9999;0;0;0;+35.84;12
11/23/21;59.16;9999;0;0;0;+34.21;12.25
11/23/21;57.56;9999;0;0;0;+32.61;12.5
11/23/21;56.67;9999;0;0;0;+31.72;12.75
11/23/21;55.13;9999;0;0;0;+30.18;13
11/23/21;53.6;9999;0;0;0;+28.66;13.25
11/23/21;52.7;9999;0;0;0;+27.75;13.5
11/23/21;51.22;9999;0;0;0;+26.28;13.75
11/23/21;49.77;9999;0;0;0;+24.83;14
11/23/21;48.86;9999;0;0;0;+23.91;14.25
11/23/21;47.91;9999;0;0;0;+22.97;14.5
11/23/21;46.51;9999;0;0;0;+21.57;14.75
11/23/21;45.55;9999;0;0;0;+20.61;15
11/23/21;44.18;9999;0;0;0;+19.24;15.25
11/23/21;43.23;9998;1;0;0;+18.28;15.5
11/23/21;42.24;9998;1;0;0;+17.30;15.75
11/23/21;41.25;9997;2;0;1;+16.31;16
11/23/21;40.25;9996;3;0;1;+15.31;16.25
11/23/21;39.23;9995;5;0;2;+14.29;16.5
11/23/21;38.48;9993;7;0;3;+13.53;16.75
11/23/21;37.44;9989;11;-1;4;+12.49;17
11/23/21;36.62;9985;15;-1;5;+11.67;17.25
11/23/21;35.77;9978;21;-1;8;+10.82;17.5
11/23/21;35.08;9970;29;-2;11;+10.13;17.75
11/23/21;34.33;9958;40;-2;14;+9.39;18
11/23/21;33.7;9942;53;-3;19;+8.75;18.25
11/23/21;32.99;9922;69;-4;25;+8.05;18.5
11/23/21;32.37;9895;89;-5;32;+7.42;18.75
11/23/21;31.67;9862;114;-7;41;+6.72;19
11/23/21;31.12;9821;143;-8;52;+6.18;19.25
11/23/21;30.59;9770;176;-10;64;+5.64;19.5
11/23/21;30.04;9708;215;-12;78;+5.10;19.75
11/23/21;29.48;9634;260;-15;94;+4.54;20
11/23/21;28.98;9547;309;-18;112;+4.03;20.25
11/23/21;28.43;9445;364;-21;132;+3.49;20.5
11/23/21;27.9;9327;423;-24;153;+2.96;20.75
11/23/21;27.43;9192;486;-28;176;+2.49;21
11/23/21;26.98;9040;553;-32;200;+2.04;21.25
11/23/21;26.59;8869;623;-36;225;+1.65;21.5
11/23/21;26.39;8796;651;-38;236;+1.45;21.6
11/23/21;26.33;8758;665;-38;241;+1.38;21.65
11/23/21;26.26;8720;680;-39;246;+1.31;21.7
11/23/21;26.18;8680;694;-40;251;+1.24;21.75
11/23/21;26.1;8640;708;-41;256;+1.15;21.8
11/23/21;26.05;8600;723;-42;261;+1.10;21.85
11/23/21;25.95;8558;737;-43;267;+1.01;21.9
11/23/21;25.89;8516;752;-43;272;+0.94;21.95
11/23/21;25.82;8474;766;-44;277;+0.88;22
11/23/21;25.78;8430;780;-45;282;+0.83;22.05
11/23/21;25.7;8386;795;-46;287;+0.75;22.1
11/23/21;25.64;8341;809;-47;293;+0.70;22.15
11/23/21;25.58;8295;823;-48;298;+0.64;22.2
11/23/21;25.51;8249;837;-48;303;+0.57;22.25
11/23/21;25.47;8202;852;-49;308;+0.53;22.3
11/23/21;25.43;8154;866;-50;313;+0.48;22.35
11/23/21;25.37;8106;880;-51;318;+0.43;22.4
11/23/21;25.31;8057;894;-52;323;+0.36;22.45
11/23/21;25.27;8007;907;-52;328;+0.33;22.5
11/23/21;25.23;7957;921;-53;333;+0.28;22.55
11/23/21;25.17;7906;934;-54;338;+0.23;22.6
11/23/21;25.15;7854;948;-55;343;+0.20;22.65
11/23/21;25.08;7802;961;-56;348;+0.13;22.7
11/23/21;25.06;7749;974;-56;352;+0.12;22.75
11/23/21;25.01;7696;987;-57;357;+0.07;22.8
11/23/21;24.98;7642;1000;-58;362;+0.04;22.85
11/23/21;24.94;7588;1013;-59;366;unch;22.9
11/23/21;24.93;7532;1025;-59;371;-0.02;22.95
11/23/21;24.9;7477;1037;-60;375;-0.04;23
11/23/21;24.87;7421;1049;-61;380;-0.08;23.05
11/23/21;24.85;7364;1061;-61;384;-0.09;23.1
11/23/21;24.8;7307;1073;-62;388;-0.14;23.15
11/23/21;24.8;7249;1084;-63;392;-0.14;23.2
11/23/21;24.76;7191;1095;-63;396;-0.18;23.25
11/23/21;24.77;7132;1106;-64;400;-0.18;23.3
11/23/21;24.74;7073;1117;-65;404;-0.20;23.35
11/23/21;24.73;7014;1127;-65;408;-0.21;23.4
11/23/21;24.71;6954;1137;-66;411;-0.23;23.45
11/23/21;24.71;6893;1147;-66;415;-0.23;23.5
11/23/21;24.7;6833;1157;-67;418;-0.24;23.55
11/23/21;24.68;6772;1166;-67;422;-0.26;23.6
11/23/21;24.68;6710;1175;-68;425;-0.26;23.65
11/23/21;24.67;6648;1184;-68;428;-0.27;23.7
11/23/21;24.68;6586;1192;-69;431;-0.27;23.75
11/23/21;24.67;6524;1200;-69;434;-0.27;23.8
11/23/21;24.69;6461;1208;-70;437;-0.26;23.85
11/23/21;24.69;6398;1215;-70;440;-0.25;23.9
11/23/21;24.69;6335;1223;-71;442;-0.26;23.95
11/23/21;24.7;6272;1229;-71;445;-0.24;24
11/23/21;24.7;6208;1236;-72;447;-0.24;24.05
11/23/21;24.72;6144;1242;-72;449;-0.22;24.1
11/23/21;24.73;6080;1248;-72;451;-0.21;24.15
11/23/21;24.74;6016;1254;-73;453;-0.21;24.2
11/23/21;24.75;5952;1259;-73;455;-0.19;24.25
11/23/21;24.76;5888;1264;-73;457;-0.18;24.3
11/23/21;24.79;5823;1268;-73;459;-0.16;24.35
11/23/21;24.8;5758;1272;-74;460;-0.14;24.4
11/23/21;24.83;5694;1276;-74;462;-0.11;24.45
11/23/21;24.85;5629;1280;-74;463;-0.09;24.5
11/23/21;24.87;5564;1283;-74;464;-0.08;24.55
11/23/21;24.9;5499;1286;-74;465;-0.05;24.6
11/23/21;24.92;5435;1288;-75;466;-0.03;24.65
11/23/21;24.95;5370;1290;-75;467;+0.01;24.7
11/23/21;24.98;5305;1292;-75;467;+0.04;24.75
11/23/21;25.02;5240;1294;-75;468;+0.08;24.8
11/23/21;25.06;5176;1295;-75;468;+0.11;24.85
11/23/21;25.08;5111;1295;-75;469;+0.14;24.9
11/23/21;25.13;5047;1296;-75;469;+0.18;24.95
11/23/21;25.18;4982;1296;-75;469;+0.24;25
11/23/21;25.21;4918;1296;-75;469;+0.26;25.05
11/23/21;25.25;4854;1295;-75;468;+0.31;25.1
11/23/21;25.31;4790;1294;-75;468;+0.36;25.15
11/23/21;25.35;4727;1293;-75;468;+0.41;25.2
11/23/21;25.4;4663;1291;-75;467;+0.45;25.25
11/23/21;25.45;4600;1289;-75;466;+0.51;25.3
11/23/21;25.5;4537;1287;-75;466;+0.56;25.35
11/23/21;25.55;4474;1285;-74;465;+0.60;25.4
11/23/21;25.61;4411;1282;-74;464;+0.66;25.45
11/23/21;25.66;4349;1279;-74;463;+0.71;25.5
11/23/21;25.71;4287;1275;-74;461;+0.76;25.55
11/23/21;25.77;4225;1272;-74;460;+0.82;25.6
11/23/21;25.82;4164;1267;-73;458;+0.88;25.65
11/23/21;25.89;4103;1263;-73;457;+0.95;25.7
11/23/21;25.96;4042;1258;-73;455;+1.01;25.75
11/23/21;26.02;3982;1254;-73;453;+1.07;25.8
11/23/21;26.07;3922;1248;-72;452;+1.12;25.85
11/23/21;26.14;3862;1243;-72;450;+1.19;25.9
11/23/21;26.2;3803;1237;-72;448;+1.26;25.95
11/23/21;26.28;3744;1231;-71;445;+1.34;26
11/23/21;26.33;3685;1225;-71;443;+1.39;26.05
11/23/21;26.4;3627;1219;-71;441;+1.46;26.1
11/23/21;26.46;3569;1212;-70;438;+1.52;26.15
11/23/21;26.54;3512;1205;-70;436;+1.60;26.2
11/23/21;26.62;3455;1198;-69;433;+1.68;26.25
11/23/21;26.97;3178;1158;-67;419;+2.02;26.5
11/23/21;27.35;2914;1115;-65;403;+2.41;26.75
11/23/21;27.77;2662;1067;-62;386;+2.83;27
11/23/21;28.19;2424;1015;-59;367;+3.24;27.25
11/23/21;28.61;2200;962;-56;348;+3.67;27.5
11/23/21;29.05;1990;907;-53;328;+4.10;27.75
11/23/21;29.48;1795;851;-49;308;+4.54;28
11/23/21;29.96;1614;795;-46;288;+5.01;28.25
11/23/21;30.39;1446;739;-43;267;+5.44;28.5
11/23/21;30.87;1292;684;-40;248;+5.93;28.75
11/23/21;31.33;1151;631;-37;228;+6.39;29
11/23/21;31.83;1022;579;-34;210;+6.89;29.25
11/23/21;32.32;905;530;-31;192;+7.37;29.5
11/23/21;32.79;799;483;-28;175;+7.84;29.75
11/23/21;33.24;704;438;-26;158;+8.30;30
11/23/21;33.74;618;396;-23;143;+8.79;30.25
11/23/21;34.18;541;357;-21;129;+9.24;30.5
11/23/21;34.63;473;320;-19;116;+9.69;30.75
11/23/21;35.14;412;287;-17;104;+10.19;31
11/23/21;35.6;358;256;-15;92;+10.66;31.25
11/23/21;36.08;310;227;-14;82;+11.14;31.5
11/23/21;36.53;268;201;-12;73;+11.59;31.75
11/23/21;37;231;178;-11;64;+12.06;32
11/23/21;37.44;199;157;-9;57;+12.50;32.25
11/23/21;37.91;171;138;-8;50;+12.96;32.5
11/23/21;38.35;146;121;-7;44;+13.40;32.75
11/23/21;38.76;125;105;-6;38;+13.82;33
11/23/21;39.21;107;92;-6;33;+14.27;33.25
11/23/21;39.64;91;80;-5;29;+14.70;33.5
11/23/21;40.11;77;69;-4;25;+15.17;33.75
11/23/21;40.56;65;60;-4;22;+15.62;34
11/23/21;41;55;51;-3;19;+16.05;34.25
11/23/21;41.41;47;44;-3;16;+16.46;34.5
11/23/21;41.8;39;38;-3;14;+16.85;34.75
11/23/21;42.25;33;33;-2;12;+17.31;35
11/23/21;42.6;28;28;-2;10;+17.66;35.25
11/23/21;43.02;23;24;-2;9;+18.07;35.5
11/23/21;43.41;20;20;-2;7;+18.47;35.75
11/23/21;43.89;16;17;-1;6;+18.94;36
11/23/21;44.25;14;15;-1;5;+19.31;36.25
11/23/21;44.6;11;12;-1;4;+19.66;36.5
11/23/21;45.03;9;10;-1;4;+20.09;36.75
11/23/21;45.45;8;9;-1;3;+20.51;37
11/23/21;45.75;6;7;-1;3;+20.81;37.25
11/23/21;46.14;5;6;-1;2;+21.20;37.5
11/23/21;46.52;4;5;-1;2;+21.58;37.75
11/23/21;46.89;4;4;-1;2;+21.94;38
11/23/21;47.24;3;4;-1;1;+22.29;38.25
11/23/21;47.58;2;3;-1;1;+22.63;38.5
11/23/21;48.02;2;3;-1;1;+23.08;38.75
11/23/21;48.34;2;2;-1;1;+23.39;39
11/23/21;48.64;1;2;-1;1;+23.69;39.25
11/23/21;49.06;1;1;-1;1;+24.11;39.5
11/23/21;49.33;1;1;-1;0;+24.39;39.75
11/23/21;49.73;1;1;-1;0;+24.79;40
11/23/21;49.99;1;1;-1;0;+25.04;40.25
11/23/21;52.33;0;0;-1;0;+27.38;42
11/23/21;55.04;0;0;-1;0;+30.10;44
11/23/21;56.24;0;0;-1;0;+31.30;45
11/23/21;57.34;0;0;-1;0;+32.40;46
11/23/21;58.55;0;0;-1;0;+33.61;47
11/23/21;59.69;0;0;-1;0;+34.75;48
11/23/21;61.73;0;0;-1;0;+36.78;50
11/23/21;66.44;0;0;-1;0;+41.49;55
11/23/21;70.43;0;0;-1;0;+45.48;60
11/23/21;74.24;0;0;-1;0;+49.30;65
11/23/21;77.82;0;0;-1;0;+52.87;70
12/28/21;44.76;0.9998;0.0000;0.0000;0.0000;+19.01;13.25
12/28/21;44.01;0.9998;0.0000;0.0000;0.0000;+18.26;13.5
12/28/21;43.24;0.9998;0.0000;0.0000;0.0000;+17.49;13.75
12/28/21;42.44;0.9998;0.0000;0.0000;0.0000;+16.69;14
12/28/21;41.62;0.9998;0.0001;0.0000;0.0000;+15.87;14.25
12/28/21;40.79;0.9998;0.0001;0.0000;0.0001;+15.04;14.5
12/28/21;40.27;0.9997;0.0002;0.0000;0.0001;+14.52;14.75
12/28/21;39.39;0.9996;0.0002;0.0000;0.0001;+13.64;15
12/28/21;38.77;0.9995;0.0004;0.0000;0.0002;+13.02;15.25
12/28/21;38.11;0.9993;0.0005;0.0000;0.0003;+12.36;15.5
12/28/21;37.42;0.9991;0.0007;0.0000;0.0004;+11.67;15.75
12/28/21;36.69;0.9987;0.0010;-0.0001;0.0005;+10.94;16
12/28/21;36.13;0.9983;0.0014;-0.0001;0.0007;+10.38;16.25
12/28/21;35.52;0.9976;0.0019;-0.0001;0.0010;+9.77;16.5
12/28/21;34.86;0.9968;0.0025;-0.0001;0.0013;+9.11;16.75
12/28/21;34.16;0.9957;0.0033;-0.0002;0.0017;+8.41;17
12/28/21;33.57;0.9944;0.0043;-0.0002;0.0022;+7.82;17.25
12/28/21;33.06;0.9926;0.0055;-0.0003;0.0028;+7.31;17.5
12/28/21;32.49;0.9905;0.0069;-0.0004;0.0035;+6.74;17.75
12/28/21;31.96;0.9878;0.0085;-0.0005;0.0044;+6.21;18
12/28/21;31.48;0.9846;0.0105;-0.0006;0.0054;+5.73;18.25
12/28/21;31.01;0.9806;0.0127;-0.0007;0.0066;+5.26;18.5
12/28/21;30.55;0.9760;0.0153;-0.0009;0.0079;+4.80;18.75
12/28/21;30.09;0.9705;0.0182;-0.0010;0.0094;+4.34;19
12/28/21;29.69;0.9640;0.0214;-0.0012;0.0111;+3.94;19.25
12/28/21;29.26;0.9566;0.0250;-0.0014;0.0129;+3.51;19.5
12/28/21;28.86;0.9481;0.0289;-0.0017;0.0149;+3.11;19.75
12/28/21;28.48;0.9384;0.0330;-0.0019;0.0171;+2.73;20
12/28/21;28.14;0.9275;0.0375;-0.0022;0.0194;+2.39;20.25
12/28/21;27.75;0.9154;0.0422;-0.0024;0.0218;+2.00;20.5
12/28/21;27.42;0.9020;0.0470;-0.0027;0.0243;+1.67;20.75
12/28/21;27.11;0.8872;0.0521;-0.0030;0.0269;+1.36;21
12/28/21;26.78;0.8712;0.0572;-0.0033;0.0296;+1.03;21.25
12/28/21;26.51;0.8538;0.0623;-0.0036;0.0322;+0.76;21.5
12/28/21;26.28;0.8352;0.0675;-0.0039;0.0349;+0.52;21.75
12/28/21;26.06;0.8153;0.0726;-0.0042;0.0375;+0.30;22
12/28/21;25.87;0.7942;0.0775;-0.0045;0.0400;+0.12;22.25
12/28/21;25.72;0.7720;0.0822;-0.0047;0.0425;-0.03;22.5
12/28/21;25.59;0.7488;0.0867;-0.0050;0.0448;-0.16;22.75
12/28/21;25.52;0.7247;0.0908;-0.0052;0.0470;-0.23;23
12/28/21;25.46;0.6998;0.0946;-0.0055;0.0489;-0.29;23.25
12/28/21;25.45;0.6742;0.0981;-0.0057;0.0507;-0.30;23.5
12/28/21;25.48;0.6480;0.1010;-0.0058;0.0522;-0.27;23.75
12/28/21;25.52;0.6214;0.1035;-0.0060;0.0535;-0.23;24
12/28/21;25.58;0.5945;0.1055;-0.0061;0.0545;-0.17;24.25
12/28/21;25.65;0.5674;0.1070;-0.0062;0.0553;-0.10;24.5
12/28/21;25.76;0.5402;0.1080;-0.0062;0.0558;+0.01;24.75
12/28/21;25.89;0.5132;0.1085;-0.0063;0.0561;+0.13;25
12/28/21;26.07;0.4863;0.1085;-0.0063;0.0561;+0.32;25.25
12/28/21;26.28;0.4598;0.1080;-0.0063;0.0558;+0.53;25.5
12/28/21;26.50;0.4337;0.1071;-0.0062;0.0553;+0.75;25.75
12/28/21;26.76;0.4082;0.1057;-0.0061;0.0546;+1.01;26
12/28/21;27.03;0.3832;0.1039;-0.0060;0.0537;+1.28;26.25
12/28/21;27.30;0.3590;0.1017;-0.0059;0.0526;+1.55;26.5
12/28/21;27.59;0.3356;0.0992;-0.0057;0.0513;+1.84;26.75
12/28/21;27.89;0.3129;0.0964;-0.0056;0.0498;+2.14;27
12/28/21;28.19;0.2912;0.0934;-0.0054;0.0482;+2.44;27.25
12/28/21;28.51;0.2704;0.0901;-0.0052;0.0465;+2.76;27.5
12/28/21;28.83;0.2505;0.0866;-0.0050;0.0448;+3.08;27.75
12/28/21;29.16;0.2316;0.0830;-0.0048;0.0429;+3.41;28
12/28/21;29.49;0.2137;0.0793;-0.0046;0.0410;+3.74;28.25
12/28/21;29.82;0.1968;0.0755;-0.0044;0.0390;+4.07;28.5
12/28/21;30.17;0.1808;0.0716;-0.0042;0.0370;+4.42;28.75
12/28/21;30.52;0.1658;0.0678;-0.0039;0.0350;+4.77;29
12/28/21;30.86;0.1517;0.0640;-0.0037;0.0331;+5.11;29.25
12/28/21;31.23;0.1386;0.0602;-0.0035;0.0311;+5.48;29.5
12/28/21;31.58;0.1264;0.0565;-0.0033;0.0292;+5.83;29.75
12/28/21;31.94;0.1150;0.0528;-0.0031;0.0273;+6.19;30
12/28/21;32.32;0.1045;0.0493;-0.0029;0.0255;+6.57;30.25
12/28/21;32.69;0.0948;0.0459;-0.0027;0.0237;+6.94;30.5
12/28/21;33.06;0.0858;0.0426;-0.0025;0.0220;+7.31;30.75
12/28/21;33.42;0.0775;0.0395;-0.0023;0.0204;+7.67;31
12/28/21;33.81;0.0699;0.0365;-0.0021;0.0189;+8.06;31.25
12/28/21;34.17;0.0630;0.0337;-0.0020;0.0174;+8.42;31.5
12/28/21;34.53;0.0566;0.0310;-0.0018;0.0160;+8.78;31.75
12/28/21;34.91;0.0508;0.0284;-0.0017;0.0147;+9.15;32
12/28/21;35.29;0.0456;0.0261;-0.0015;0.0135;+9.54;32.25
12/28/21;35.64;0.0408;0.0238;-0.0014;0.0123;+9.89;32.5
12/28/21;36.01;0.0364;0.0217;-0.0013;0.0112;+10.26;32.75
12/28/21;36.36;0.0325;0.0198;-0.0012;0.0102;+10.61;33
12/28/21;36.72;0.0290;0.0180;-0.0011;0.0093;+10.97;33.25
12/28/21;37.07;0.0258;0.0163;-0.0010;0.0084;+11.31;33.5
12/28/21;37.43;0.0229;0.0148;-0.0009;0.0076;+11.68;33.75
12/28/21;37.77;0.0203;0.0134;-0.0008;0.0069;+12.02;34
12/28/21;38.15;0.0180;0.0121;-0.0007;0.0062;+12.40;34.25
12/28/21;38.45;0.0160;0.0109;-0.0007;0.0056;+12.70;34.5
12/28/21;38.84;0.0141;0.0098;-0.0006;0.0051;+13.09;34.75
12/28/21;39.15;0.0124;0.0088;-0.0006;0.0045;+13.40;35
12/28/21;39.51;0.0110;0.0079;-0.0005;0.0041;+13.76;35.25
12/28/21;39.84;0.0097;0.0070;-0.0005;0.0036;+14.09;35.5
12/28/21;40.16;0.0085;0.0063;-0.0004;0.0033;+14.41;35.75
12/28/21;40.47;0.0075;0.0056;-0.0004;0.0029;+14.72;36
12/28/21;40.82;0.0066;0.0050;-0.0003;0.0026;+15.07;36.25
12/28/21;41.15;0.0058;0.0045;-0.0003;0.0023;+15.40;36.5
12/28/21;N/A;N/A;N/A;N/A;N/A;N/A;60
01/26/22;42.27;0.9998;0.0001;0.0000;0.0000;+15.99;13.25
01/26/22;41.43;0.9997;0.0001;0.0000;0.0000;+15.16;13.5
01/26/22;40.90;0.9997;0.0001;0.0000;0.0001;+14.62;13.75
01/26/22;40.31;0.9996;0.0002;0.0000;0.0001;+14.04;14
01/26/22;39.43;0.9995;0.0003;0.0000;0.0002;+13.15;14.25
01/26/22;38.79;0.9994;0.0004;0.0000;0.0002;+12.51;14.5
01/26/22;38.33;0.9992;0.0005;0.0000;0.0003;+12.05;14.75
01/26/22;37.61;0.9990;0.0007;0.0000;0.0005;+11.34;15
01/26/22;37.06;0.9986;0.0010;-0.0001;0.0006;+10.78;15.25
01/26/22;36.30;0.9982;0.0013;-0.0001;0.0008;+10.02;15.5
01/26/22;35.83;0.9976;0.0017;-0.0001;0.0011;+9.56;15.75
01/26/22;35.17;0.9968;0.0022;-0.0001;0.0014;+8.89;16
01/26/22;34.61;0.9959;0.0029;-0.0002;0.0018;+8.34;16.25
01/26/22;34.01;0.9946;0.0036;-0.0002;0.0024;+7.74;16.5
01/26/22;33.49;0.9931;0.0046;-0.0003;0.0030;+7.22;16.75
01/26/22;33.03;0.9912;0.0057;-0.0003;0.0037;+6.75;17
01/26/22;32.51;0.9889;0.0070;-0.0004;0.0045;+6.23;17.25
01/26/22;32.03;0.9861;0.0085;-0.0005;0.0055;+5.76;17.5
01/26/22;31.58;0.9828;0.0103;-0.0006;0.0066;+5.30;17.75
01/26/22;31.14;0.9789;0.0122;-0.0007;0.0079;+4.86;18
01/26/22;30.71;0.9744;0.0145;-0.0008;0.0093;+4.43;18.25
01/26/22;30.34;0.9691;0.0169;-0.0010;0.0109;+4.06;18.5
01/26/22;29.95;0.9630;0.0196;-0.0011;0.0127;+3.68;18.75
01/26/22;29.55;0.9560;0.0226;-0.0013;0.0146;+3.28;19
01/26/22;29.23;0.9482;0.0258;-0.0015;0.0166;+2.96;19.25
01/26/22;28.87;0.9393;0.0292;-0.0017;0.0188;+2.60;19.5
01/26/22;28.56;0.9295;0.0328;-0.0019;0.0212;+2.29;19.75
01/26/22;28.21;0.9187;0.0366;-0.0021;0.0236;+1.93;20
01/26/22;27.92;0.9068;0.0406;-0.0023;0.0262;+1.65;20.25
01/26/22;27.61;0.8938;0.0446;-0.0026;0.0288;+1.34;20.5
01/26/22;27.35;0.8797;0.0488;-0.0028;0.0315;+1.07;20.75
01/26/22;27.07;0.8646;0.0530;-0.0031;0.0342;+0.80;21
01/26/22;26.85;0.8484;0.0572;-0.0033;0.0369;+0.57;21.25
01/26/22;26.63;0.8312;0.0613;-0.0035;0.0396;+0.35;21.5
01/26/22;26.43;0.8130;0.0654;-0.0038;0.0422;+0.16;21.75
01/26/22;26.27;0.7938;0.0694;-0.0040;0.0448;unch;22
01/26/22;26.14;0.7738;0.0733;-0.0042;0.0473;-0.13;22.25
01/26/22;26.05;0.7529;0.0769;-0.0044;0.0496;-0.23;22.5
01/26/22;25.96;0.7313;0.0803;-0.0046;0.0518;-0.31;22.75
01/26/22;25.92;0.7091;0.0835;-0.0048;0.0539;-0.35;23
01/26/22;25.88;0.6862;0.0864;-0.0050;0.0557;-0.39;23.25
01/26/22;25.90;0.6629;0.0890;-0.0051;0.0574;-0.38;23.5
01/26/22;25.92;0.6392;0.0912;-0.0053;0.0588;-0.36;23.75
01/26/22;25.97;0.6153;0.0931;-0.0054;0.0600;-0.30;24
01/26/22;26.05;0.5911;0.0947;-0.0055;0.0610;-0.23;24.25
01/26/22;26.15;0.5668;0.0958;-0.0055;0.0618;-0.12;24.5
01/26/22;26.28;0.5425;0.0966;-0.0056;0.0623;+0.01;24.75
01/26/22;26.43;0.5183;0.0971;-0.0056;0.0626;+0.15;25
01/26/22;26.59;0.4943;0.0972;-0.0056;0.0627;+0.32;25.25
01/26/22;26.77;0.4705;0.0969;-0.0056;0.0625;+0.50;25.5
01/26/22;26.96;0.4471;0.0963;-0.0056;0.0621;+0.69;25.75
01/26/22;27.18;0.4240;0.0954;-0.0055;0.0616;+0.90;26
01/26/22;27.40;0.4015;0.0942;-0.0055;0.0608;+1.12;26.25
01/26/22;27.63;0.3795;0.0927;-0.0054;0.0598;+1.36;26.5
01/26/22;27.88;0.3580;0.0910;-0.0053;0.0587;+1.61;26.75
01/26/22;28.14;0.3372;0.0890;-0.0052;0.0574;+1.87;27
01/26/22;28.41;0.3171;0.0868;-0.0050;0.0560;+2.13;27.25
01/26/22;28.68;0.2976;0.0844;-0.0049;0.0544;+2.41;27.5
01/26/22;28.96;0.2789;0.0819;-0.0048;0.0528;+2.69;27.75
01/26/22;29.24;0.2610;0.0792;-0.0046;0.0511;+2.97;28
01/26/22;29.52;0.2438;0.0764;-0.0044;0.0493;+3.25;28.25
01/26/22;29.83;0.2274;0.0735;-0.0043;0.0474;+3.56;28.5
01/26/22;30.13;0.2118;0.0706;-0.0041;0.0455;+3.85;28.75
01/26/22;30.42;0.1969;0.0676;-0.0039;0.0436;+4.14;29
01/26/22;30.73;0.1828;0.0646;-0.0038;0.0416;+4.45;29.25
01/26/22;31.03;0.1695;0.0615;-0.0036;0.0397;+4.76;29.5
01/26/22;31.35;0.1569;0.0585;-0.0034;0.0377;+5.07;29.75
01/26/22;31.67;0.1450;0.0555;-0.0032;0.0358;+5.39;30
01/26/22;31.97;0.1339;0.0526;-0.0031;0.0339;+5.70;30.25
01/26/22;32.29;0.1234;0.0497;-0.0029;0.0321;+6.02;30.5
01/26/22;32.63;0.1136;0.0469;-0.0027;0.0302;+6.35;30.75
01/26/22;32.93;0.1044;0.0441;-0.0026;0.0285;+6.66;31
01/26/22;33.26;0.0959;0.0415;-0.0024;0.0267;+6.98;31.25
01/26/22;33.55;0.0879;0.0389;-0.0023;0.0251;+7.28;31.5
01/26/22;33.88;0.0805;0.0364;-0.0021;0.0235;+7.60;31.75
01/26/22;34.20;0.0737;0.0340;-0.0020;0.0219;+7.93;32
01/26/22;34.50;0.0673;0.0318;-0.0019;0.0205;+8.23;32.25
01/26/22;34.81;0.0614;0.0296;-0.0017;0.0191;+8.53;32.5
01/26/22;35.12;0.0560;0.0275;-0.0016;0.0177;+8.85;32.75
01/26/22;35.44;0.0510;0.0255;-0.0015;0.0165;+9.17;33
01/26/22;35.74;0.0464;0.0237;-0.0014;0.0153;+9.47;33.25
01/26/22;36.06;0.0421;0.0219;-0.0013;0.0141;+9.78;33.5
01/26/22;36.38;0.0383;0.0203;-0.0012;0.0131;+10.11;33.75
01/26/22;36.69;0.0347;0.0187;-0.0011;0.0121;+10.42;34
01/26/22;36.99;0.0314;0.0172;-0.0010;0.0111;+10.71;34.25
01/26/22;37.30;0.0284;0.0159;-0.0010;0.0102;+11.02;34.5
01/26/22;37.59;0.0257;0.0146;-0.0009;0.0094;+11.31;34.75
01/26/22;37.90;0.0232;0.0134;-0.0008;0.0086;+11.63;35
01/26/22;38.20;0.0209;0.0123;-0.0008;0.0079;+11.93;35.25
01/26/22;38.53;0.0189;0.0112;-0.0007;0.0072;+12.25;35.5
01/26/22;38.80;0.0170;0.0103;-0.0006;0.0066;+12.52;35.75
01/26/22;39.10;0.0153;0.0094;-0.0006;0.0061;+12.82;36
01/26/22;43.60;0.0026;0.0019;-0.0002;0.0012;+17.33;40
01/26/22;N/A;N/A;N/A;N/A;N/A;N/A;43
01/26/22;N/A;N/A;N/A;N/A;N/A;N/A;45
02/23/22;N/A;N/A;N/A;N/A;N/A;N/A;45
02/23/22;40.13;9995;2;0;2;13.5;13.5
02/23/22;39.45;9994;3;0;2;12.83;13.75
02/23/22;38.95;9993;4;0;3;12.32;14
02/23/22;38.22;9990;6;0;4;11.59;14.25
02/23/22;37.65;9987;8;0;6;11.02;14.5
02/23/22;37.2;9984;10;-1;8;10.57;14.75
02/23/22;36.56;9979;14;-1;11;9.93;15
02/23/22;36.02;9972;18;-1;14;9.39;15.25
02/23/22;35.57;9964;23;-1;17;8.94;15.5
02/23/22;34.96;9954;29;-2;22;8.33;15.75
02/23/22;34.53;9941;36;-2;28;7.9;16
02/23/22;33.95;9926;45;-3;34;7.32;16.25
02/23/22;33.43;9907;55;-3;42;6.8;16.5
02/23/22;32.95;9884;66;-4;51;6.32;16.75
02/23/22;32.51;9857;80;-5;61;5.88;17
02/23/22;32.01;9826;95;-5;73;5.38;17.25
02/23/22;31.61;9789;112;-6;86;4.98;17.5
02/23/22;31.15;9746;131;-8;101;4.52;17.75
02/23/22;30.75;9697;152;-9;117;4.12;18
02/23/22;30.35;9641;175;-10;135;3.72;18.25
02/23/22;29.94;9577;200;-12;154;3.31;18.5
02/23/22;29.57;9506;227;-13;175;2.94;18.75
02/23/22;29.22;9426;256;-15;197;2.59;19
02/23/22;28.88;9338;286;-17;220;2.25;19.25
02/23/22;28.59;9242;318;-18;244;1.96;19.5
02/23/22;28.26;9136;351;-20;270;1.63;19.75
02/23/22;27.98;9021;385;-22;296;1.36;20
02/23/22;27.7;8896;420;-24;323;1.07;20.25
02/23/22;27.45;8763;456;-26;350;0.82;20.5
02/23/22;27.22;8620;491;-28;378;0.6;20.75
02/23/22;0;8469;527;-30;405;-26.63;21
02/23/22;26.8;8309;563;-32;432;0.17;21.25
02/23/22;26.61;8140;597;-34;459;-0.02;21.5
02/23/22;26.46;7963;631;-36;485;-0.17;21.75
02/23/22;26.34;7780;664;-38;510;-0.29;22
02/23/22;26.25;7589;695;-40;534;-0.38;22.25
02/23/22;26.17;7391;725;-42;557;-0.46;22.5
02/23/22;26.13;7189;753;-43;578;-0.5;22.75
02/23/22;26.11;6981;778;-45;598;-0.52;23
02/23/22;26.11;6768;801;-46;616;-0.51;23.25
02/23/22;26.14;6553;822;-48;632;-0.49;23.5
02/23/22;26.2;6334;840;-49;646;-0.43;23.75
02/23/22;26.27;6114;855;-49;657;-0.35;24
02/23/22;26.38;5892;868;-50;667;-0.25;24.25
02/23/22;26.49;5669;878;-51;675;-0.14;24.5
02/23/22;26.64;5447;885;-51;680;0.01;24.75
02/23/22;26.79;5225;889;-51;683;0.16;25
02/23/22;26.96;5005;890;-52;684;0.33;25.25
02/23/22;27.15;4787;889;-51;683;0.52;25.5
02/23/22;27.34;4572;885;-51;680;0.72;25.75
02/23/22;27.55;4360;879;-51;676;0.92;26
02/23/22;27.77;4152;870;-50;669;1.14;26.25
02/23/22;27.99;3949;859;-50;660;1.36;26.5
02/23/22;28.22;3750;846;-49;650;1.59;26.75
02/23/22;28.47;3556;831;-48;639;1.84;27
02/23/22;28.72;3367;815;-47;626;2.1;27.25
02/23/22;28.97;3184;797;-46;612;2.34;27.5
02/23/22;29.23;3007;777;-45;597;2.61;27.75
02/23/22;29.49;2836;756;-44;581;2.87;28
02/23/22;29.76;2672;734;-43;564;3.13;28.25
02/23/22;30.04;2514;711;-41;547;3.42;28.5
02/23/22;30.31;2362;688;-40;529;3.68;28.75
02/23/22;30.58;2216;664;-39;510;3.95;29
02/23/22;30.87;2077;639;-37;491;4.24;29.25
02/23/22;31.14;1945;614;-36;472;4.51;29.5
02/23/22;31.43;1819;589;-34;453;4.81;29.75
02/23/22;31.71;1699;565;-33;434;5.08;30
02/23/22;32;1585;540;-31;415;5.37;30.25
02/23/22;32.27;1477;515;-30;396;5.64;30.5
02/23/22;32.56;1375;491;-29;377;5.93;30.75
02/23/22;32.84;1278;467;-27;359;6.21;31
02/23/22;33.13;1188;443;-26;341;6.5;31.25
02/23/22;33.42;1102;420;-25;323;6.8;31.5
02/23/22;33.69;1022;398;-23;306;7.06;31.75
02/23/22;33.98;946;376;-22;289;7.35;32
02/23/22;34.27;876;355;-21;273;7.64;32.25
02/23/22;34.54;809;335;-20;257;7.91;32.5
02/23/22;34.84;748;315;-19;242;8.21;32.75
02/23/22;35.11;690;296;-18;228;8.49;33
02/23/22;35.4;636;278;-16;214;8.77;33.25
02/23/22;35.69;586;261;-15;201;9.06;33.5
02/23/22;35.96;539;244;-15;188;9.34;33.75
02/23/22;36.25;496;229;-14;176;9.62;34
02/23/22;36.52;455;214;-13;164;9.89;34.25
02/23/22;36.8;418;199;-12;153;10.17;34.5
02/23/22;37.07;384;186;-11;143;10.44;34.75
02/23/22;37.35;352;173;-10;133;10.72;35
02/23/22;37.61;322;161;-10;124;10.99;35.25
02/23/22;37.9;295;150;-9;115;11.27;35.5
02/23/22;38.17;270;139;-8;107;11.54;35.75
02/23/22;38.43;246;129;-8;99;11.8;36
02/23/22;38.67;225;119;-7;92;12.04;36.25
02/23/22;38.94;205;111;-7;85;12.31;36.5
02/23/22;39.19;187;102;-6;79;12.57;36.75
02/23/22;39.47;171;95;-6;73;12.85;37
02/23/22;39.71;156;87;-6;67;13.08;37.25
02/23/22;39.96;142;81;-5;62;13.33;37.5
02/23/22;40.25;129;74;-5;57;13.62;37.75
02/23/22;40.48;117;68;-4;53;13.86;38
02/23/22;40.75;107;63;-4;48;14.12;38.25
02/23/22;40.97;97;58;-4;44;14.34;38.5
02/23/22;42.44;54;34;-2;26;15.81;40
02/23/22;46.99;7;5;-1;4;20.36;45
02/23/22;50.91;1;1;-1;1;24.28;50
02/23/22;52.35;0;0;-1;0;25.72;52
02/23/22;52.64;0;0;-1;0;26.01;52.5
02/23/22;57.21;0;0;-1;0;30.58;60
02/23/22;59.82;0;0;-1;0;33.19;65
04/26/22;41.89;9988;6;0;6;14.46;13.25
04/26/22;41.26;9984;8;0;8;13.84;13.5
04/26/22;40.62;9980;10;-1;11;13.19;13.75
04/26/22;40.04;9975;13;-1;14;12.61;14
04/26/22;39.43;9968;17;-1;18;12;14.25
04/26/22;38.81;9960;21;-1;22;11.38;14.5
04/26/22;38.24;9950;26;-2;28;10.81;14.75
04/26/22;37.64;9937;32;-2;34;10.22;15
04/26/22;37.09;9923;39;-2;41;9.67;15.25
04/26/22;36.52;9905;47;-3;49;9.09;15.5
04/26/22;35.98;9885;57;-3;59;8.55;15.75
04/26/22;35.41;9860;67;-4;70;7.98;16
04/26/22;34.87;9832;79;-5;82;7.45;16.25
04/26/22;34.36;9800;92;-5;96;6.93;16.5
04/26/22;33.82;9763;106;-6;110;6.39;16.75
04/26/22;33.33;9721;121;-7;127;5.9;17
04/26/22;32.82;9674;139;-8;145;5.39;17.25
04/26/22;32.35;9621;157;-9;164;4.93;17.5
04/26/22;31.89;9563;176;-10;184;4.46;17.75
04/26/22;31.43;9498;197;-11;206;4;18
04/26/22;31;9426;219;-13;229;3.57;18.25
04/26/22;30.6;9348;243;-14;253;3.17;18.5
04/26/22;30.21;9263;267;-15;278;2.78;18.75
04/26/22;29.84;9171;292;-17;304;2.41;19
04/26/22;29.47;9072;317;-18;331;2.04;19.25
04/26/22;29.11;8966;344;-20;359;1.68;19.5
04/26/22;28.78;8853;370;-21;387;1.35;19.75
04/26/22;28.46;8733;397;-23;415;1.04;20
04/26/22;28.16;8606;425;-25;443;0.74;20.25
04/26/22;27.85;8472;452;-26;471;0.43;20.5
04/26/22;27.57;8332;478;-28;499;0.14;20.75
04/26/22;27.31;8186;505;-29;527;-0.12;21
04/26/22;27.08;8033;530;-31;554;-0.35;21.25
04/26/22;26.88;7876;555;-32;580;-0.55;21.5
04/26/22;26.72;7712;580;-34;605;-0.71;21.75
04/26/22;26.59;7544;603;-35;629;-0.83;22
04/26/22;26.52;7372;624;-36;652;-0.9;22.25
04/26/22;26.49;7195;645;-37;673;-0.94;22.5
04/26/22;26.49;7016;664;-38;693;-0.94;22.75
04/26/22;26.54;6833;682;-39;712;-0.89;23
04/26/22;26.62;6647;698;-40;728;-0.81;23.25
04/26/22;26.71;6460;712;-41;743;-0.71;23.5
04/26/22;26.85;6270;725;-42;757;-0.58;23.75
04/26/22;26.99;6080;736;-43;768;-0.44;24
04/26/22;27.15;5889;745;-43;778;-0.28;24.25
04/26/22;27.32;5698;752;-44;785;-0.11;24.5
04/26/22;27.5;5508;758;-44;791;0.07;24.75
04/26/22;27.69;5318;762;-44;795;0.26;25
04/26/22;27.87;5129;764;-44;797;0.44;25.25
04/26/22;28.05;4942;764;-44;797;0.63;25.5
04/26/22;28.24;4756;763;-44;796;0.81;25.75
04/26/22;28.42;4573;760;-44;793;1;26
04/26/22;28.61;4393;755;-44;788;1.18;26.25
04/26/22;28.79;4216;749;-43;782;1.36;26.5
04/26/22;28.98;4042;742;-43;775;1.55;26.75
04/26/22;29.15;3871;733;-43;765;1.73;27
04/26/22;29.35;3704;723;-42;755;1.93;27.25
04/26/22;29.54;3541;712;-41;744;2.11;27.5
04/26/22;29.73;3382;700;-41;731;2.31;27.75
04/26/22;29.92;3227;687;-40;718;2.49;28
04/26/22;30.11;3077;674;-39;703;2.68;28.25
04/26/22;30.32;2931;659;-38;688;2.89;28.5
04/26/22;30.51;2789;644;-37;672;3.08;28.75
04/26/22;30.71;2652;628;-37;655;3.28;29
04/26/22;30.92;2520;611;-36;638;3.49;29.25
04/26/22;31.13;2392;594;-35;621;3.7;29.5
04/26/22;31.34;2269;577;-34;603;3.92;29.75
04/26/22;31.56;2151;560;-33;584;4.13;30
04/26/22;31.78;2037;542;-32;566;4.35;30.25
04/26/22;32;1928;525;-31;548;4.57;30.5
04/26/22;32.23;1823;507;-30;529;4.81;30.75
04/26/22;32.46;1723;489;-29;510;5.03;31
04/26/22;32.69;1627;471;-28;492;5.27;31.25
04/26/22;32.94;1536;454;-27;474;5.51;31.5
04/26/22;33.18;1448;436;-26;455;5.76;31.75
04/26/22;33.43;1365;419;-25;437;6;32
04/26/22;33.69;1285;402;-24;420;6.26;32.25
04/26/22;33.93;1210;385;-23;402;6.5;32.5
04/26/22;34.19;1138;369;-22;385;6.76;32.75
04/26/22;34.45;1069;353;-21;368;7.02;33
04/26/22;34.72;1005;337;-20;352;7.29;33.25
04/26/22;34.99;943;322;-19;336;7.56;33.5
04/26/22;35.26;885;307;-18;321;7.83;33.75
04/26/22;35.52;830;293;-17;306;8.1;34
04/26/22;35.81;778;279;-17;291;8.39;34.25
04/26/22;36.09;729;265;-16;277;8.66;34.5
04/26/22;36.38;682;252;-15;263;8.95;34.75
04/26/22;36.65;638;240;-14;250;9.23;35
04/26/22;36.94;597;227;-14;237;9.51;35.25
04/26/22;37.24;558;216;-13;225;9.81;35.5
04/26/22;37.52;522;204;-12;213;10.1;35.75
04/26/22;37.82;487;193;-12;202;10.4;36
04/26/22;38.12;455;183;-11;191;10.69;36.25
04/26/22;38.42;424;173;-10;181;10.99;36.5
04/26/22;38.72;396;164;-10;171;11.29;36.75
04/26/22;39.03;369;155;-9;161;11.61;37
04/26/22;39.32;344;146;-9;152;11.89;37.25
04/26/22;39.64;320;138;-8;144;12.21;37.5
04/26/22;39.93;298;130;-8;135;12.5;37.75
04/26/22;40.24;277;122;-8;127;12.81;38
04/26/22;40.54;258;115;-7;120;13.11;38.25
04/26/22;40.84;240;108;-7;113;13.41;38.5
04/26/22;42.68;154;74;-5;77;15.25;40
06/27/22;79.27;9996;0;0;0;52.28;7.25
06/27/22;77.2;9996;0;0;0;50.21;7.5
06/27/22;75.2;9996;0;0;0;48.21;7.75
06/27/22;73.27;9996;0;0;0;46.29;8
06/27/22;71.41;9996;0;0;0;44.42;8.25
06/27/22;69.61;9996;0;0;0;42.62;8.5
06/27/22;67.86;9996;0;0;0;40.87;8.75
06/27/22;66.16;9996;0;0;0;39.17;9
06/27/22;64.51;9996;0;0;0;37.53;9.25
06/27/22;62.92;9996;0;0;0;35.93;9.5
06/27/22;61.43;9996;0;0;0;34.45;9.75
06/27/22;59.92;9996;0;0;0;32.93;10
06/27/22;58.51;9996;0;0;1;31.52;10.25
06/27/22;57.14;9995;1;0;1;30.15;10.5
06/27/22;55.8;9995;1;0;1;28.81;10.75
06/27/22;54.49;9994;1;0;2;27.5;11
06/27/22;53.28;9994;2;0;2;26.29;11.25
06/27/22;52.02;9993;2;0;3;25.03;11.5
06/27/22;50.92;9991;3;0;4;23.93;11.75
06/27/22;49.77;9989;4;0;5;22.78;12
06/27/22;48.7;9987;6;0;7;21.71;12.25
06/27/22;47.65;9984;7;0;9;20.66;12.5
06/27/22;46.67;9980;9;-1;12;19.68;12.75
06/27/22;45.7;9975;12;-1;15;18.71;13
06/27/22;44.79;9968;15;-1;19;17.8;13.25
06/27/22;43.94;9961;18;-1;24;16.95;13.5
06/27/22;43.09;9952;22;-1;29;16.1;13.75
06/27/22;42.25;9941;27;-2;36;15.26;14
06/27/22;41.5;9927;33;-2;43;14.51;14.25
06/27/22;40.74;9912;39;-2;51;13.75;14.5
06/27/22;40.03;9894;47;-3;61;13.04;14.75
06/27/22;39.34;9872;55;-3;72;12.36;15
06/27/22;38.73;9848;64;-4;84;11.74;15.25
06/27/22;38.1;9820;75;-4;97;11.11;15.5
06/27/22;37.5;9788;86;-5;112;10.51;15.75
06/27/22;36.95;9752;98;-6;128;9.96;16
06/27/22;36.38;9712;112;-6;145;9.39;16.25
06/27/22;35.88;9667;126;-7;164;8.9;16.5
06/27/22;35.37;9618;141;-8;184;8.38;16.75
06/27/22;34.89;9563;158;-9;206;7.9;17
06/27/22;34.43;9503;175;-10;228;7.45;17.25
06/27/22;34.01;9437;193;-11;252;7.02;17.5
06/27/22;33.58;9366;212;-12;277;6.59;17.75
06/27/22;33.17;9289;232;-13;303;6.18;18
06/27/22;32.77;9206;253;-14;329;5.78;18.25
06/27/22;32.39;9118;274;-16;357;5.4;18.5
06/27/22;32.03;9023;295;-17;385;5.04;18.75
06/27/22;31.66;8923;317;-18;413;4.68;19
06/27/22;31.32;8817;339;-19;442;4.33;19.25
06/27/22;31;8705;361;-21;471;4.01;19.5
06/27/22;30.69;8587;384;-22;500;3.7;19.75
06/27/22;30.4;8465;406;-23;529;3.41;20
06/27/22;30.14;8337;428;-24;557;3.16;20.25
06/27/22;29.9;8203;449;-26;585;2.91;20.5
06/27/22;29.69;8066;470;-27;613;2.7;20.75
06/27/22;29.51;7923;491;-28;640;2.52;21
06/27/22;29.34;7777;511;-29;665;2.35;21.25
06/27/22;29.2;7626;530;-30;690;2.21;21.5
06/27/22;29.07;7472;548;-31;714;2.08;21.75
06/27/22;28.97;7314;565;-32;737;1.98;22
06/27/22;28.89;7154;582;-33;758;1.9;22.25
06/27/22;28.82;6991;597;-34;778;1.83;22.5
06/27/22;28.77;6826;611;-35;796;1.78;22.75
06/27/22;28.75;6659;624;-36;813;1.76;23
06/27/22;28.74;6490;636;-36;829;1.75;23.25
06/27/22;28.74;6320;646;-37;842;1.75;23.5
06/27/22;28.76;6150;656;-37;854;1.77;23.75
06/27/22;28.8;5979;663;-38;865;1.81;24
06/27/22;28.86;5808;670;-38;873;1.87;24.25
06/27/22;28.92;5637;675;-39;880;1.93;24.5
06/27/22;29.01;5467;680;-39;886;2.02;24.75
06/27/22;24.51;5297;682;-39;889;-2.48;25
06/27/22;29.22;5129;684;-39;891;2.23;25.25
06/27/22;29.34;4962;684;-39;892;2.35;25.5
06/27/22;29.46;4797;683;-39;891;2.47;25.75
06/27/22;29.59;4634;681;-39;888;2.6;26
06/27/22;29.72;4473;678;-39;884;2.74;26.25
06/27/22;29.87;4314;674;-39;879;2.88;26.5
06/27/22;30.02;4158;669;-38;872;3.03;26.75
06/27/22;30.18;4005;663;-38;864;3.19;27
06/27/22;30.33;3854;656;-38;855;3.34;27.25
06/27/22;30.5;3707;648;-37;845;3.51;27.5
06/27/22;30.66;3563;639;-37;833;3.68;27.75
06/27/22;30.84;3422;630;-36;821;3.86;28
06/27/22;31.01;3284;620;-36;808;4.02;28.25
06/27/22;31.19;3150;609;-35;794;4.2;28.5
06/27/22;31.36;3019;598;-34;780;4.37;28.75
06/27/22;31.55;2893;587;-34;764;4.56;29
06/27/22;31.73;2769;574;-33;749;4.74;29.25
06/27/22;31.92;2650;562;-32;732;4.93;29.5
06/27/22;32.1;2533;549;-32;716;5.11;29.75
06/27/22;32.3;2421;536;-31;698;5.31;30
06/27/22;32.48;2312;523;-30;681;5.5;30.25
06/27/22;32.68;2207;509;-29;663;5.69;30.5
06/27/22;32.87;2106;495;-29;645;5.88;30.75
06/27/22;33.06;2008;481;-28;628;6.07;31
06/27/22;33.25;1914;468;-27;609;6.26;31.25
06/27/22;33.45;1823;454;-26;591;6.46;31.5
06/27/22;33.65;1735;440;-25;573;6.66;31.75
06/27/22;33.84;1651;426;-25;555;6.85;32
06/27/22;34.03;1571;412;-24;537;7.04;32.25
06/27/22;34.22;1493;399;-23;520;7.23;32.5
06/27/22;34.43;1419;385;-22;502;7.44;32.75
06/27/22;34.62;1347;372;-22;485;7.63;33
06/27/22;34.81;1279;359;-21;468;7.82;33.25
06/27/22;35;1214;346;-20;451;8.01;33.5
06/27/22;35.2;1151;333;-19;434;8.21;33.75
06/27/22;35.38;1092;321;-19;418;8.39;34
06/27/22;35.58;1035;309;-18;402;8.59;34.25
06/27/22;35.77;980;297;-17;387;8.78;34.5
06/27/22;35.97;928;285;-17;371;8.98;34.75
06/27/22;36.15;879;274;-16;357;9.16;35
06/27/22;36.34;831;263;-15;342;9.35;35.25
06/27/22;36.54;786;252;-15;328;9.55;35.5
06/27/22;36.72;744;241;-14;314;9.73;35.75
06/27/22;36.91;703;231;-14;301;9.93;36
06/27/22;37.1;664;221;-13;288;10.11;36.25
06/27/22;37.29;627;212;-13;276;10.3;36.5
06/27/22;37.47;592;202;-12;264;10.48;36.75
06/27/22;37.64;559;193;-11;252;10.66;37
06/27/22;37.85;528;185;-11;241;10.86;37.25
06/27/22;38.02;498;176;-11;230;11.03;37.5
06/27/22;38.21;469;168;-10;219;11.22;37.75
06/27/22;38.39;443;160;-10;209;11.4;38
06/27/22;38.58;417;153;-9;199;11.59;38.25
06/27/22;38.76;393;146;-9;190;11.77;38.5
06/27/22;38.93;370;139;-8;181;11.95;38.75
06/27/22;39.12;349;132;-8;172;12.13;39
06/27/22;39.3;328;126;-8;164;12.32;39.25
06/27/22;39.48;309;120;-7;156;12.49;39.5
06/27/22;39.67;291;114;-7;148;12.68;39.75
06/27/22;39.83;274;108;-7;141;12.84;40
06/27/22;40.01;257;103;-6;134;13.02;40.25
06/27/22;40.18;242;98;-6;127;13.19;40.5
06/27/22;43.14;77;37;-3;48;16.15;45
06/27/22;46.22;21;11;-1;15;19.24;50
08/27/22;34.41;9921;32;-2;51;5;13.75
08/27/22;34.04;9905;38;-2;60;4.64;14
08/27/22;33.75;9887;45;-3;70;4.35;14.25
08/27/22;33.42;9866;52;-3;82;4.01;14.5
08/27/22;33.15;9843;60;-3;95;3.75;14.75
08/27/22;32.88;9816;69;-4;109;3.48;15
08/27/22;32.62;9785;79;-5;124;3.21;15.25
08/27/22;32.39;9751;89;-5;141;2.98;15.5
08/27/22;32.19;9713;101;-6;159;2.78;15.75
08/27/22;31.97;9671;113;-7;179;2.57;16
08/27/22;31.78;9625;126;-7;199;2.37;16.25
08/27/22;31.63;9575;140;-8;221;2.22;16.5
08/27/22;31.45;9519;155;-9;244;2.05;16.75
08/27/22;31.29;9460;170;-10;268;1.88;17
08/27/22;31.12;9395;186;-11;294;1.72;17.25
08/27/22;30.98;9325;202;-12;320;1.58;17.5
08/27/22;30.84;9251;220;-13;347;1.44;17.75
08/27/22;30.72;9171;237;-14;374;1.31;18
08/27/22;30.58;9087;255;-15;403;1.18;18.25
08/27/22;30.46;8998;273;-16;432;1.06;18.5
08/27/22;30.33;8903;292;-17;461;0.93;18.75
08/27/22;30.22;8804;310;-18;490;0.82;19
08/27/22;30.1;8700;329;-19;520;0.7;19.25
08/27/22;29.99;8591;348;-20;549;0.59;19.5
08/27/22;29.89;8478;366;-21;579;0.49;19.75
08/27/22;29.78;8360;385;-22;608;0.38;20
08/27/22;29.68;8238;403;-23;636;0.28;20.25
08/27/22;29.6;8112;421;-24;664;0.19;20.5
08/27/22;29.51;7983;438;-25;692;0.1;20.75
08/27/22;29.43;7850;455;-26;719;0.03;21
08/27/22;29.36;7713;471;-27;744;-0.04;21.25
08/27/22;29.3;7573;487;-28;769;-0.11;21.5
08/27/22;29.24;7431;502;-29;793;-0.16;21.75
08/27/22;29.2;7286;516;-30;815;-0.2;22
08/27/22;29.16;7139;530;-31;837;-0.24;22.25
08/27/22;29.13;6990;543;-31;857;-0.27;22.5
08/27/22;29.12;6839;554;-32;875;-0.28;22.75
08/27/22;29.12;6686;565;-33;893;-0.29;23
08/27/22;29.13;6533;575;-33;908;-0.27;23.25
08/27/22;29.16;6378;584;-34;923;-0.25;23.5
08/27/22;29.2;6223;592;-34;935;-0.21;23.75
08/27/22;29.25;6068;599;-35;946;-0.15;24
08/27/22;29.32;5913;605;-35;956;-0.09;24.25
08/27/22;29.41;5757;611;-35;964;0.01;24.5
08/27/22;29.51;5602;615;-36;971;0.1;24.75
08/27/22;29.63;5448;618;-36;976;0.22;25
08/27/22;29.75;5295;620;-36;979;0.35;25.25
08/27/22;29.9;5143;621;-36;981;0.49;25.5
08/27/22;30.05;4992;622;-36;982;0.64;25.75
08/27/22;30.22;4842;621;-36;981;0.81;26
08/27/22;30.38;4694;620;-36;979;0.98;26.25
08/27/22;30.56;4548;618;-36;976;1.16;26.5
08/27/22;30.74;4404;615;-36;971;1.34;26.75
08/27/22;30.93;4262;611;-35;965;1.52;27
08/27/22;31.11;4122;607;-35;958;1.71;27.25
08/27/22;31.29;3985;602;-35;950;1.89;27.5
08/27/22;31.48;3850;596;-35;941;2.08;27.75
08/27/22;31.66;3717;590;-34;931;2.26;28
08/27/22;31.85;3588;583;-34;920;2.45;28.25
08/27/22;32.04;3461;575;-33;908;2.64;28.5
08/27/22;32.23;3336;567;-33;895;2.83;28.75
08/27/22;32.43;3215;559;-32;882;3.02;29
08/27/22;32.62;3097;550;-32;868;3.21;29.25
08/27/22;32.81;2981;541;-31;854;3.4;29.5
08/27/22;33;2868;531;-31;838;3.6;29.75
08/27/22;33.19;2759;521;-30;823;3.78;30
08/27/22;33.38;2652;511;-30;807;3.97;30.25
08/27/22;33.57;2549;501;-29;790;4.17;30.5
08/27/22;33.76;2448;490;-29;774;4.36;30.75
08/27/22;33.96;2350;479;-28;757;4.56;31
08/27/22;34.15;2255;468;-27;739;4.75;31.25
08/27/22;34.34;2164;457;-27;722;4.94;31.5
08/27/22;34.53;2075;446;-26;705;5.12;31.75
08/27/22;34.72;1989;435;-25;687;5.32;32
08/27/22;34.91;1905;424;-25;669;5.51;32.25
08/27/22;35.11;1825;413;-24;652;5.7;32.5
08/27/22;35.3;1747;402;-24;634;5.9;32.75
08/27/22;35.49;1672;390;-23;617;6.09;33
08/27/22;35.68;1600;379;-22;599;6.28;33.25
08/27/22;35.88;1530;368;-22;582;6.47;33.5
08/27/22;36.07;1463;358;-21;565;6.67;33.75
08/27/22;36.26;1398;347;-20;548;6.85;34
08/27/22;36.46;1336;336;-20;531;7.05;34.25
08/27/22;36.64;1276;326;-19;514;7.24;34.5
11/22/22;36.64;1276;326;-19;514;7.24;34.5
11/22/22;50.63;9994;0;0;0;+21.34;7.5
11/22/22;49.8;9994;0;0;0;+20.51;7.75
11/22/22;0;9994;0;0;0;-29.29;8
11/22/22;48.42;9994;0;0;0;+19.13;8.25
11/22/22;47.71;9994;0;0;1;+18.42;8.5
11/22/22;46.99;9994;0;0;1;+17.70;8.75
11/22/22;46.38;9993;1;0;1;+17.09;9
11/22/22;45.64;9993;1;0;2;+16.35;9.25
11/22/22;45.01;9992;1;0;2;+15.72;9.5
11/22/22;44.27;9991;2;0;3;+14.98;9.75
11/22/22;43.62;9990;2;0;4;+14.33;10
11/22/22;42.97;9989;3;0;6;+13.67;10.25
11/22/22;42.3;9987;4;0;7;+13.01;10.5
11/22/22;41.64;9984;5;0;10;+12.35;10.75
11/22/22;40.97;9981;6;0;12;+11.68;11
11/22/22;40.37;9977;8;0;15;+11.08;11.25
11/22/22;39.76;9972;10;-1;19;+10.47;11.5
11/22/22;39.15;9967;12;-1;24;+9.86;11.75
11/22/22;38.59;9960;15;-1;29;+9.30;12
11/22/22;37.96;9951;18;-1;35;+8.67;12.25
11/22/22;37.44;9942;21;-1;42;+8.15;12.5
11/22/22;36.91;9930;25;-1;50;+7.62;12.75
11/22/22;36.37;9917;30;-2;59;+7.08;13
11/22/22;35.86;9901;35;-2;69;+6.57;13.25
11/22/22;35.39;9884;40;-2;80;+6.10;13.5
11/22/22;34.94;9864;47;-3;93;+5.65;13.75
11/22/22;34.51;9841;54;-3;107;+5.22;14
11/22/22;34.07;9816;61;-4;122;+4.78;14.25
11/22/22;33.68;9788;69;-4;138;+4.39;14.5
11/22/22;33.27;9756;78;-5;155;+3.98;14.75
11/22/22;32.9;9721;88;-5;174;+3.61;15
11/22/22;32.58;9683;98;-6;194;+3.29;15.25
11/22/22;32.23;9641;108;-6;215;+2.93;15.5
11/22/22;31.9;9596;120;-7;238;+2.61;15.75
11/22/22;31.61;9546;131;-8;261;+2.32;16
11/22/22;31.34;9493;144;-8;286;+2.04;16.25
11/22/22;31.06;9435;157;-9;311;+1.77;16.5
11/22/22;30.79;9374;170;-10;338;+1.50;16.75
11/22/22;30.57;9308;184;-11;365;+1.27;17
11/22/22;30.35;9239;198;-11;393;+1.05;17.25
11/22/22;30.13;9165;213;-12;422;+0.84;17.5
11/22/22;29.92;9087;227;-13;452;+0.63;17.75
11/22/22;29.75;9005;242;-14;481;+0.46;18
11/22/22;29.58;8919;257;-15;511;+0.29;18.25
11/22/22;29.42;8828;273;-16;542;+0.13;18.5
11/22/22;29.28;8734;288;-17;572;-0.02;18.75
11/22/22;29.15;8636;303;-18;602;-0.14;19
11/22/22;29.04;8535;319;-18;633;-0.25;19.25
11/22/22;28.93;8430;334;-19;663;-0.36;19.5
11/22/22;28.83;8321;349;-20;692;-0.46;19.75
11/22/22;28.76;8209;363;-21;721;-0.54;20
11/22/22;28.68;8094;378;-22;750;-0.61;20.25
11/22/22;28.62;7976;392;-23;778;-0.67;20.5
11/22/22;28.58;7855;405;-24;805;-0.71;20.75
11/22/22;28.54;7732;419;-24;831;-0.75;21
11/22/22;28.52;7606;431;-25;857;-0.77;21.25
11/22/22;28.5;7478;444;-26;881;-0.80;21.5
11/22/22;28.5;7348;455;-26;904;-0.79;21.75
11/22/22;28.51;7216;467;-27;927;-0.79;22
11/22/22;28.52;7083;477;-28;948;-0.77;22.25
11/22/22;28.56;6948;487;-28;967;-0.73;22.5
11/22/22;28.59;6813;496;-29;986;-0.70;22.75
11/22/22;28.64;6676;505;-29;1003;-0.66;23
11/22/22;28.69;6538;513;-30;1019;-0.60;23.25
11/22/22;28.75;6400;520;-30;1033;-0.54;23.5
11/22/22;28.83;6262;527;-31;1046;-0.46;23.75
11/22/22;28.91;6123;533;-31;1058;-0.38;24
11/22/22;28.99;5984;538;-31;1068;-0.30;24.25
11/22/22;29.09;5846;542;-32;1077;-0.21;24.5
11/22/22;29.18;5708;546;-32;1084;-0.11;24.75
11/22/22;29.29;5570;549;-32;1091;unch;25
11/22/22;29.4;5433;552;-32;1095;+0.11;25.25
11/22/22;29.52;5297;553;-32;1099;+0.22;25.5
11/22/22;29.64;5162;554;-32;1101;+0.35;25.75
11/22/22;29.76;5028;555;-32;1102;+0.47;26
11/22/22;29.89;4895;555;-32;1102;+0.60;26.25
11/22/22;30.03;4764;554;-32;1100;+0.74;26.5
11/22/22;30.16;4634;553;-32;1097;+0.87;26.75
11/22/22;30.3;4505;551;-32;1094;+1.01;27
11/22/22;30.45;4379;548;-32;1089;+1.16;27.25
11/22/22;30.59;4254;545;-32;1083;+1.30;27.5
11/22/22;30.74;4131;542;-32;1076;+1.45;27.75
11/22/22;30.89;4010;538;-31;1068;+1.60;28
11/22/22;31.04;3891;533;-31;1059;+1.75;28.25
11/22/22;31.19;3774;529;-31;1050;+1.90;28.5
11/22/22;31.35;3659;523;-31;1039;+2.06;28.75
11/22/22;31.51;3546;518;-30;1028;+2.22;29
11/22/22;31.67;3436;512;-30;1016;+2.38;29.25
11/22/22;31.83;3328;505;-30;1004;+2.54;29.5
11/22/22;31.99;3222;499;-29;991;+2.70;29.75
11/22/22;32.16;3118;492;-29;977;+2.87;30
11/22/22;32.32;3017;485;-28;963;+3.02;30.25
11/22/22;32.49;2918;478;-28;948;+3.20;30.5
11/22/22;32.65;2821;470;-28;933;+3.35;30.75
11/22/22;32.81;2727;462;-27;918;+3.52;31
11/22/22;32.98;2635;454;-27;902;+3.69;31.25
11/22/22;33.14;2545;446;-26;886;+3.85;31.5
11/22/22;33.31;2457;438;-26;870;+4.02;31.75
11/22/22;33.47;2372;430;-25;854;+4.18;32
11/22/22;33.63;2290;421;-25;837;+4.34;32.25
11/22/22;33.8;2209;413;-24;820;+4.51;32.5
11/22/22;33.97;2131;404;-24;803;+4.67;32.75
11/22/22;34.12;2055;396;-23;786;+4.83;33
11/22/22;34.29;1981;387;-23;769;+5.00;33.25
11/22/22;34.46;1909;379;-22;752;+5.17;33.5
11/22/22;34.62;1839;370;-22;735;+5.33;33.75
11/22/22;34.78;1772;361;-21;718;+5.48;34
11/22/22;34.95;1706;353;-21;701;+5.66;34.25
11/22/22;35.11;1643;344;-20;684;+5.82;34.5
11/22/22;35.26;1582;336;-20;667;+5.97;34.75
11/22/22;35.43;1522;328;-19;651;+6.14;35
11/22/22;35.59;1465;319;-19;634;+6.30;35.25
11/22/22;35.75;1409;311;-18;618;+6.46;35.5
11/22/22;35.91;1355;303;-18;602;+6.61;35.75
11/22/22;36.06;1303;295;-18;586;+6.77;36
11/22/22;36.23;1253;287;-17;570;+6.94;36.25
11/22/22;36.38;1204;279;-17;554;+7.09;36.5
11/22/22;36.54;1157;271;-16;539;+7.25;36.75
11/22/22;36.69;1112;264;-16;524;+7.40;37
11/22/22;36.85;1068;256;-15;509;+7.56;37.25
11/22/22;37;1026;249;-15;494;+7.71;37.5
11/22/22;37.16;985;242;-14;480;+7.87;37.75
11/22/22;37.31;946;234;-14;466;+8.02;38
11/22/22;37.47;908;227;-14;452;+8.18;38.25
11/22/22;37.62;871;221;-13;438;+8.33;38.5
11/22/22;37.76;836;214;-13;425;+8.47;38.75
11/22/22;37.92;802;207;-13;412;+8.63;39
11/22/22;38.06;770;201;-12;399;+8.77;39.25
11/22/22;38.22;738;195;-12;387;+8.93;39.5
11/22/22;38.37;708;189;-11;374;+9.08;39.75
11/22/22;38.51;679;183;-11;363;+9.22;40
11/22/22;38.66;651;177;-11;351;+9.37;40.25
11/22/22;38.81;624;171;-10;340;+9.52;40.5
11/22/22;39.09;574;160;-10;318;+9.80;41
11/22/22;39.67;483;140;-9;277;+10.38;42
11/22/22;40.23;407;122;-8;241;+10.94;43
11/22/22;40.79;341;105;-7;209;+11.50;44
11/22/22;41.33;286;91;-6;181;+12.04;45
11/22/22;41.87;240;79;-5;156;+12.58;46
11/22/22;43.91;117;42;-3;84;+14.62;50
